Date,CrimeType,Count,Location
2022-01-01,Assault,15,Downtown
2022-01-01,Burglary,1,Downtown
2022-01-01,Vandalism,5,Downtown
2022-01-02,Theft,2,Downtown
2022-01-02,Assault,4,Downtown
2022-01-02,Burglary,5,Downtown
2022-01-02,Vandalism,9,Downtown
2022-01-03,Theft,2,Downtown
2022-01-03,Burglary,1,Downtown
2022-01-03,Vandalism,19,Downtown
2022-01-04,Theft,10,Downtown
2022-01-04,Assault,4,Downtown
2022-01-04,Burglary,5,Downtown
2022-01-04,Vandalism,5,Downtown
2022-01-05,Theft,4,Downtown
2022-01-05,Assault,8,Downtown
2022-01-05,Burglary,2,Downtown
2022-01-05,Vandalism,6,Downtown
2022-01-06,Theft,2,Downtown
2022-01-06,Assault,2,Downtown
2022-01-06,Burglary,15,Downtown
2022-01-06,Vandalism,1,Downtown
2022-01-07,Theft,11,Downtown
2022-01-07,Assault,3,Downtown
2022-01-07,Burglary,6,Downtown
2022-01-07,Vandalism,4,Downtown
2022-01-08,Theft,3,Downtown
2022-01-08,Assault,10,Downtown
2022-01-08,Burglary,3,Downtown
2022-01-08,Vandalism,7,Downtown
2022-01-09,Theft,2,Downtown
2022-01-09,Assault,4,Downtown
2022-01-09,Burglary,9,Downtown
2022-01-09,Vandalism,5,Downtown
2022-01-10,Theft,4,Downtown
2022-01-10,Burglary,5,Downtown
2022-01-10,Vandalism,14,Downtown
2022-01-11,Theft,1,Downtown
2022-01-11,Assault,7,Downtown
2022-01-11,Burglary,9,Downtown
2022-01-11,Vandalism,4,Downtown
2022-01-12,Theft,10,Downtown
2022-01-12,Assault,1,Downtown
2022-01-12,Burglary,1,Downtown
2022-01-12,Vandalism,9,Downtown
2022-01-13,Theft,6,Downtown
2022-01-13,Assault,10,Downtown
2022-01-13,Burglary,5,Downtown
2022-01-13,Vandalism,2,Downtown
2022-01-14,Theft,6,Downtown
2022-01-14,Assault,7,Downtown
2022-01-14,Burglary,4,Downtown
2022-01-14,Vandalism,1,Downtown
2022-01-15,Assault,1,Downtown
2022-01-15,Burglary,6,Downtown
2022-01-15,Vandalism,12,Downtown
2022-01-16,Theft,10,Downtown
2022-01-16,Assault,7,Downtown
2022-01-16,Burglary,5,Downtown
2022-01-17,Theft,7,Downtown
2022-01-17,Assault,4,Downtown
2022-01-17,Burglary,6,Downtown
2022-01-17,Vandalism,4,Downtown
2022-01-18,Theft,3,Downtown
2022-01-18,Assault,11,Downtown
2022-01-18,Burglary,7,Downtown
2022-01-18,Vandalism,3,Downtown
2022-01-19,Theft,10,Downtown
2022-01-19,Burglary,10,Downtown
2022-01-19,Vandalism,1,Downtown
2022-01-20,Theft,9,Downtown
2022-01-20,Burglary,3,Downtown
2022-01-20,Vandalism,9,Downtown
2022-01-21,Theft,2,Downtown
2022-01-21,Assault,19,Downtown
2022-01-21,Burglary,3,Downtown
2022-01-21,Vandalism,2,Downtown
2022-01-22,Theft,4,Downtown
2022-01-22,Assault,10,Downtown
2022-01-22,Burglary,9,Downtown
2022-01-23,Theft,4,Downtown
2022-01-23,Assault,5,Downtown
2022-01-23,Burglary,7,Downtown
2022-01-23,Vandalism,8,Downtown
2022-01-24,Theft,3,Downtown
2022-01-24,Assault,2,Downtown
2022-01-24,Burglary,1,Downtown
2022-01-24,Vandalism,15,Downtown
2022-01-25,Theft,4,Downtown
2022-01-25,Assault,14,Downtown
2022-01-25,Burglary,1,Downtown
2022-01-25,Vandalism,4,Downtown
2022-01-26,Theft,5,Downtown
2022-01-26,Assault,11,Downtown
2022-01-26,Burglary,3,Downtown
2022-01-26,Vandalism,6,Downtown
2022-01-27,Theft,3,Downtown
2022-01-27,Assault,12,Downtown
2022-01-27,Burglary,3,Downtown
2022-01-27,Vandalism,4,Downtown
2022-01-28,Theft,22,Downtown
2022-01-28,Burglary,1,Downtown
2022-01-28,Vandalism,2,Downtown
2022-01-29,Theft,23,Downtown
2022-01-29,Assault,1,Downtown
2022-01-30,Theft,1,Downtown
2022-01-30,Assault,1,Downtown
2022-01-30,Burglary,9,Downtown
2022-01-30,Vandalism,13,Downtown
2022-01-31,Theft,6,Downtown
2022-01-31,Assault,9,Downtown
2022-01-31,Burglary,2,Downtown
2022-01-31,Vandalism,7,Downtown
2022-02-01,Theft,8,Downtown
2022-02-01,Assault,14,Downtown
2022-02-01,Vandalism,7,Downtown
2022-02-02,Theft,2,Downtown
2022-02-02,Assault,11,Downtown
2022-02-02,Burglary,7,Downtown
2022-02-02,Vandalism,5,Downtown
2022-02-03,Theft,3,Downtown
2022-02-03,Assault,19,Downtown
2022-02-03,Vandalism,1,Downtown
2022-02-04,Theft,2,Downtown
2022-02-04,Assault,1,Downtown
2022-02-04,Burglary,16,Downtown
2022-02-04,Vandalism,8,Downtown
2022-02-05,Assault,2,Downtown
2022-02-05,Burglary,9,Downtown
2022-02-05,Vandalism,12,Downtown
2022-02-06,Theft,3,Downtown
2022-02-06,Assault,4,Downtown
2022-02-06,Vandalism,19,Downtown
2022-02-07,Theft,3,Downtown
2022-02-07,Assault,9,Downtown
2022-02-07,Burglary,1,Downtown
2022-02-07,Vandalism,9,Downtown
2022-02-08,Theft,4,Downtown
2022-02-08,Assault,2,Downtown
2022-02-08,Burglary,17,Downtown
2022-02-08,Vandalism,1,Downtown
2022-02-09,Theft,11,Downtown
2022-02-09,Assault,6,Downtown
2022-02-09,Burglary,6,Downtown
2022-02-09,Vandalism,4,Downtown
2022-02-10,Theft,3,Downtown
2022-02-10,Assault,8,Downtown
2022-02-10,Burglary,9,Downtown
2022-02-10,Vandalism,8,Downtown
2022-02-11,Theft,4,Downtown
2022-02-11,Assault,12,Downtown
2022-02-11,Burglary,10,Downtown
2022-02-11,Vandalism,1,Downtown
2022-02-12,Theft,16,Downtown
2022-02-12,Assault,2,Downtown
2022-02-12,Burglary,2,Downtown
2022-02-12,Vandalism,7,Downtown
2022-02-13,Theft,11,Downtown
2022-02-13,Assault,10,Downtown
2022-02-13,Burglary,3,Downtown
2022-02-13,Vandalism,2,Downtown
2022-02-14,Theft,3,Downtown
2022-02-14,Assault,5,Downtown
2022-02-14,Vandalism,16,Downtown
2022-02-15,Assault,2,Downtown
2022-02-15,Burglary,16,Downtown
2022-02-15,Vandalism,8,Downtown
2022-02-16,Theft,5,Downtown
2022-02-16,Assault,4,Downtown
2022-02-16,Vandalism,18,Downtown
2022-02-17,Assault,5,Downtown
2022-02-17,Burglary,23,Downtown
2022-02-17,Vandalism,2,Downtown
2022-02-18,Assault,16,Downtown
2022-02-18,Burglary,6,Downtown
2022-02-18,Vandalism,6,Downtown
2022-02-19,Theft,11,Downtown
2022-02-19,Assault,4,Downtown
2022-02-19,Burglary,5,Downtown
2022-02-19,Vandalism,4,Downtown
2022-02-20,Theft,10,Downtown
2022-02-20,Assault,6,Downtown
2022-02-20,Burglary,4,Downtown
2022-02-20,Vandalism,9,Downtown
2022-02-21,Theft,7,Downtown
2022-02-21,Assault,8,Downtown
2022-02-21,Burglary,5,Downtown
2022-02-21,Vandalism,7,Downtown
2022-02-22,Theft,7,Downtown
2022-02-22,Assault,7,Downtown
2022-02-22,Burglary,5,Downtown
2022-02-22,Vandalism,8,Downtown
2022-02-23,Theft,8,Downtown
2022-02-23,Assault,12,Downtown
2022-02-23,Burglary,2,Downtown
2022-02-23,Vandalism,8,Downtown
2022-02-24,Assault,12,Downtown
2022-02-24,Burglary,2,Downtown
2022-02-24,Vandalism,16,Downtown
2022-02-25,Assault,9,Downtown
2022-02-25,Burglary,17,Downtown
2022-02-25,Vandalism,4,Downtown
2022-02-26,Theft,1,Downtown
2022-02-26,Assault,4,Downtown
2022-02-26,Burglary,18,Downtown
2022-02-26,Vandalism,4,Downtown
2022-02-27,Theft,6,Downtown
2022-02-27,Burglary,20,Downtown
2022-02-27,Vandalism,2,Downtown
2022-02-28,Theft,7,Downtown
2022-02-28,Assault,4,Downtown
2022-02-28,Burglary,16,Downtown
2022-02-28,Vandalism,2,Downtown
2022-03-01,Theft,5,Downtown
2022-03-01,Assault,13,Downtown
2022-03-01,Burglary,1,Downtown
2022-03-01,Vandalism,12,Downtown
2022-03-02,Theft,6,Downtown
2022-03-02,Assault,14,Downtown
2022-03-02,Burglary,1,Downtown
2022-03-02,Vandalism,7,Downtown
2022-03-03,Theft,11,Downtown
2022-03-03,Assault,5,Downtown
2022-03-03,Burglary,12,Downtown
2022-03-03,Vandalism,1,Downtown
2022-03-04,Theft,5,Downtown
2022-03-04,Assault,9,Downtown
2022-03-04,Burglary,9,Downtown
2022-03-04,Vandalism,4,Downtown
2022-03-05,Theft,2,Downtown
2022-03-05,Assault,25,Downtown
2022-03-06,Theft,6,Downtown
2022-03-06,Assault,21,Downtown
2022-03-06,Burglary,4,Downtown
2022-03-07,Theft,2,Downtown
2022-03-07,Assault,5,Downtown
2022-03-07,Burglary,24,Downtown
2022-03-07,Vandalism,1,Downtown
2022-03-08,Theft,2,Downtown
2022-03-08,Assault,14,Downtown
2022-03-08,Burglary,11,Downtown
2022-03-08,Vandalism,2,Downtown
2022-03-09,Theft,1,Downtown
2022-03-09,Assault,14,Downtown
2022-03-09,Burglary,13,Downtown
2022-03-09,Vandalism,4,Downtown
2022-03-10,Theft,14,Downtown
2022-03-10,Assault,1,Downtown
2022-03-10,Burglary,3,Downtown
2022-03-10,Vandalism,12,Downtown
2022-03-11,Theft,7,Downtown
2022-03-11,Assault,13,Downtown
2022-03-11,Burglary,6,Downtown
2022-03-11,Vandalism,2,Downtown
2022-03-12,Theft,5,Downtown
2022-03-12,Assault,21,Downtown
2022-03-12,Burglary,2,Downtown
2022-03-12,Vandalism,3,Downtown
2022-03-13,Theft,14,Downtown
2022-03-13,Assault,9,Downtown
2022-03-13,Burglary,6,Downtown
2022-03-13,Vandalism,4,Downtown
2022-03-14,Theft,18,Downtown
2022-03-14,Assault,4,Downtown
2022-03-14,Burglary,5,Downtown
2022-03-14,Vandalism,3,Downtown
2022-03-15,Theft,8,Downtown
2022-03-15,Assault,11,Downtown
2022-03-15,Burglary,8,Downtown
2022-03-15,Vandalism,6,Downtown
2022-03-16,Theft,1,Downtown
2022-03-16,Burglary,17,Downtown
2022-03-16,Vandalism,7,Downtown
2022-03-17,Theft,20,Downtown
2022-03-17,Assault,8,Downtown
2022-03-17,Burglary,2,Downtown
2022-03-17,Vandalism,2,Downtown
2022-03-18,Theft,13,Downtown
2022-03-18,Assault,6,Downtown
2022-03-18,Burglary,3,Downtown
2022-03-18,Vandalism,8,Downtown
2022-03-19,Theft,1,Downtown
2022-03-19,Assault,9,Downtown
2022-03-19,Burglary,3,Downtown
2022-03-19,Vandalism,17,Downtown
2022-03-20,Theft,10,Downtown
2022-03-20,Assault,17,Downtown
2022-03-20,Vandalism,3,Downtown
2022-03-21,Theft,2,Downtown
2022-03-21,Assault,15,Downtown
2022-03-21,Burglary,5,Downtown
2022-03-21,Vandalism,4,Downtown
2022-03-22,Theft,5,Downtown
2022-03-22,Assault,11,Downtown
2022-03-22,Burglary,9,Downtown
2022-03-22,Vandalism,5,Downtown
2022-03-23,Theft,17,Downtown
2022-03-23,Assault,2,Downtown
2022-03-23,Burglary,1,Downtown
2022-03-23,Vandalism,11,Downtown
2022-03-24,Assault,16,Downtown
2022-03-24,Burglary,6,Downtown
2022-03-24,Vandalism,11,Downtown
2022-03-25,Theft,1,Downtown
2022-03-25,Assault,9,Downtown
2022-03-25,Burglary,17,Downtown
2022-03-25,Vandalism,2,Downtown
2022-03-26,Theft,1,Downtown
2022-03-26,Assault,19,Downtown
2022-03-26,Burglary,5,Downtown
2022-03-26,Vandalism,4,Downtown
2022-03-27,Theft,16,Downtown
2022-03-27,Assault,2,Downtown
2022-03-27,Burglary,5,Downtown
2022-03-27,Vandalism,7,Downtown
2022-03-28,Theft,2,Downtown
2022-03-28,Assault,2,Downtown
2022-03-28,Burglary,13,Downtown
2022-03-28,Vandalism,15,Downtown
2022-03-29,Theft,9,Downtown
2022-03-29,Assault,9,Downtown
2022-03-29,Burglary,9,Downtown
2022-03-29,Vandalism,4,Downtown
2022-03-30,Theft,12,Downtown
2022-03-30,Assault,7,Downtown
2022-03-30,Burglary,9,Downtown
2022-03-30,Vandalism,2,Downtown
2022-03-31,Theft,11,Downtown
2022-03-31,Assault,1,Downtown
2022-03-31,Burglary,15,Downtown
2022-03-31,Vandalism,5,Downtown
2022-04-01,Theft,13,Downtown
2022-04-01,Assault,4,Downtown
2022-04-01,Burglary,8,Downtown
2022-04-01,Vandalism,6,Downtown
2022-04-02,Theft,5,Downtown
2022-04-02,Assault,11,Downtown
2022-04-02,Burglary,8,Downtown
2022-04-02,Vandalism,9,Downtown
2022-04-03,Theft,8,Downtown
2022-04-03,Assault,10,Downtown
2022-04-03,Burglary,4,Downtown
2022-04-03,Vandalism,7,Downtown
2022-04-04,Theft,2,Downtown
2022-04-04,Assault,13,Downtown
2022-04-04,Burglary,9,Downtown
2022-04-04,Vandalism,6,Downtown
2022-04-05,Theft,3,Downtown
2022-04-05,Assault,5,Downtown
2022-04-05,Burglary,1,Downtown
2022-04-05,Vandalism,21,Downtown
2022-04-06,Theft,17,Downtown
2022-04-06,Assault,5,Downtown
2022-04-06,Burglary,1,Downtown
2022-04-06,Vandalism,5,Downtown
2022-04-07,Theft,2,Downtown
2022-04-07,Assault,1,Downtown
2022-04-07,Burglary,9,Downtown
2022-04-07,Vandalism,19,Downtown
2022-04-08,Theft,12,Downtown
2022-04-08,Assault,8,Downtown
2022-04-08,Burglary,8,Downtown
2022-04-08,Vandalism,3,Downtown
2022-04-09,Theft,2,Downtown
2022-04-09,Assault,3,Downtown
2022-04-09,Burglary,26,Downtown
2022-04-10,Theft,13,Downtown
2022-04-10,Assault,5,Downtown
2022-04-10,Burglary,4,Downtown
2022-04-10,Vandalism,8,Downtown
2022-04-11,Theft,3,Downtown
2022-04-11,Assault,10,Downtown
2022-04-11,Burglary,12,Downtown
2022-04-11,Vandalism,3,Downtown
2022-04-12,Theft,2,Downtown
2022-04-12,Assault,7,Downtown
2022-04-12,Burglary,19,Downtown
2022-04-12,Vandalism,2,Downtown
2022-04-13,Theft,9,Downtown
2022-04-13,Assault,9,Downtown
2022-04-13,Burglary,12,Downtown
2022-04-14,Theft,5,Downtown
2022-04-14,Assault,9,Downtown
2022-04-14,Burglary,10,Downtown
2022-04-14,Vandalism,5,Downtown
2022-04-15,Theft,11,Downtown
2022-04-15,Assault,9,Downtown
2022-04-15,Burglary,1,Downtown
2022-04-15,Vandalism,9,Downtown
2022-04-16,Theft,17,Downtown
2022-04-16,Assault,4,Downtown
2022-04-16,Burglary,6,Downtown
2022-04-16,Vandalism,4,Downtown
2022-04-17,Theft,2,Downtown
2022-04-17,Assault,18,Downtown
2022-04-17,Burglary,6,Downtown
2022-04-17,Vandalism,8,Downtown
2022-04-18,Theft,16,Downtown
2022-04-18,Burglary,7,Downtown
2022-04-18,Vandalism,8,Downtown
2022-04-19,Theft,5,Downtown
2022-04-19,Assault,2,Downtown
2022-04-19,Burglary,3,Downtown
2022-04-19,Vandalism,21,Downtown
2022-04-20,Theft,2,Downtown
2022-04-20,Assault,7,Downtown
2022-04-20,Burglary,4,Downtown
2022-04-20,Vandalism,17,Downtown
2022-04-21,Theft,5,Downtown
2022-04-21,Assault,2,Downtown
2022-04-21,Burglary,8,Downtown
2022-04-21,Vandalism,11,Downtown
2022-04-22,Theft,3,Downtown
2022-04-22,Assault,3,Downtown
2022-04-22,Burglary,1,Downtown
2022-04-22,Vandalism,23,Downtown
2022-04-23,Theft,6,Downtown
2022-04-23,Assault,4,Downtown
2022-04-23,Burglary,11,Downtown
2022-04-23,Vandalism,9,Downtown
2022-04-24,Theft,9,Downtown
2022-04-24,Assault,23,Downtown
2022-04-24,Burglary,2,Downtown
2022-04-24,Vandalism,1,Downtown
2022-04-25,Theft,27,Downtown
2022-04-25,Assault,1,Downtown
2022-04-25,Burglary,2,Downtown
2022-04-26,Theft,20,Downtown
2022-04-26,Assault,5,Downtown
2022-04-26,Burglary,4,Downtown
2022-04-26,Vandalism,2,Downtown
2022-04-27,Theft,1,Downtown
2022-04-27,Assault,10,Downtown
2022-04-27,Burglary,13,Downtown
2022-04-27,Vandalism,6,Downtown
2022-04-28,Theft,8,Downtown
2022-04-28,Assault,14,Downtown
2022-04-28,Vandalism,5,Downtown
2022-04-29,Theft,21,Downtown
2022-04-29,Assault,5,Downtown
2022-04-29,Burglary,2,Downtown
2022-04-29,Vandalism,4,Downtown
2022-04-30,Theft,9,Downtown
2022-04-30,Assault,16,Downtown
2022-04-30,Burglary,3,Downtown
2022-04-30,Vandalism,3,Downtown
2022-05-01,Theft,1,Downtown
2022-05-01,Assault,20,Downtown
2022-05-01,Burglary,9,Downtown
2022-05-01,Vandalism,1,Downtown
2022-05-02,Theft,3,Downtown
2022-05-02,Assault,19,Downtown
2022-05-02,Burglary,2,Downtown
2022-05-02,Vandalism,4,Downtown
2022-05-03,Theft,12,Downtown
2022-05-03,Assault,1,Downtown
2022-05-03,Burglary,5,Downtown
2022-05-03,Vandalism,14,Downtown
2022-05-04,Theft,6,Downtown
2022-05-04,Assault,4,Downtown
2022-05-04,Burglary,5,Downtown
2022-05-04,Vandalism,12,Downtown
2022-05-05,Theft,8,Downtown
2022-05-05,Assault,1,Downtown
2022-05-05,Burglary,8,Downtown
2022-05-05,Vandalism,13,Downtown
2022-05-06,Theft,4,Downtown
2022-05-06,Assault,15,Downtown
2022-05-06,Burglary,9,Downtown
2022-05-06,Vandalism,6,Downtown
2022-05-07,Theft,1,Downtown
2022-05-07,Assault,3,Downtown
2022-05-07,Burglary,23,Downtown
2022-05-08,Theft,7,Downtown
2022-05-08,Assault,16,Downtown
2022-05-08,Burglary,5,Downtown
2022-05-09,Theft,3,Downtown
2022-05-09,Assault,1,Downtown
2022-05-09,Burglary,10,Downtown
2022-05-09,Vandalism,15,Downtown
2022-05-10,Theft,5,Downtown
2022-05-10,Assault,8,Downtown
2022-05-10,Burglary,7,Downtown
2022-05-10,Vandalism,8,Downtown
2022-05-11,Theft,5,Downtown
2022-05-11,Assault,14,Downtown
2022-05-11,Burglary,1,Downtown
2022-05-11,Vandalism,6,Downtown
2022-05-12,Assault,8,Downtown
2022-05-12,Burglary,10,Downtown
2022-05-12,Vandalism,11,Downtown
2022-05-13,Theft,12,Downtown
2022-05-13,Assault,5,Downtown
2022-05-13,Burglary,6,Downtown
2022-05-13,Vandalism,3,Downtown
2022-05-14,Theft,8,Downtown
2022-05-14,Assault,4,Downtown
2022-05-14,Burglary,1,Downtown
2022-05-14,Vandalism,16,Downtown
2022-05-15,Theft,9,Downtown
2022-05-15,Assault,8,Downtown
2022-05-15,Burglary,5,Downtown
2022-05-15,Vandalism,4,Downtown
2022-05-16,Theft,18,Downtown
2022-05-16,Assault,7,Downtown
2022-05-16,Burglary,6,Downtown
2022-05-17,Theft,5,Downtown
2022-05-17,Assault,6,Downtown
2022-05-17,Burglary,6,Downtown
2022-05-17,Vandalism,10,Downtown
2022-05-18,Theft,4,Downtown
2022-05-18,Assault,6,Downtown
2022-05-18,Burglary,8,Downtown
2022-05-18,Vandalism,9,Downtown
2022-05-19,Theft,9,Downtown
2022-05-19,Assault,5,Downtown
2022-05-19,Burglary,12,Downtown
2022-05-19,Vandalism,3,Downtown
2022-05-20,Theft,4,Downtown
2022-05-20,Assault,9,Downtown
2022-05-20,Burglary,1,Downtown
2022-05-20,Vandalism,11,Downtown
2022-05-21,Assault,23,Downtown
2022-05-21,Burglary,4,Downtown
2022-05-21,Vandalism,1,Downtown
2022-05-22,Theft,5,Downtown
2022-05-22,Assault,4,Downtown
2022-05-22,Burglary,6,Downtown
2022-05-22,Vandalism,15,Downtown
2022-05-23,Theft,6,Downtown
2022-05-23,Assault,7,Downtown
2022-05-23,Burglary,1,Downtown
2022-05-23,Vandalism,10,Downtown
2022-05-24,Theft,2,Downtown
2022-05-24,Assault,16,Downtown
2022-05-24,Burglary,7,Downtown
2022-05-24,Vandalism,3,Downtown
2022-05-25,Theft,1,Downtown
2022-05-25,Assault,14,Downtown
2022-05-25,Burglary,12,Downtown
2022-05-25,Vandalism,1,Downtown
2022-05-26,Theft,2,Downtown
2022-05-26,Assault,10,Downtown
2022-05-26,Burglary,1,Downtown
2022-05-26,Vandalism,16,Downtown
2022-05-27,Theft,5,Downtown
2022-05-27,Assault,1,Downtown
2022-05-27,Burglary,14,Downtown
2022-05-27,Vandalism,4,Downtown
2022-05-28,Theft,9,Downtown
2022-05-28,Assault,2,Downtown
2022-05-28,Vandalism,13,Downtown
2022-05-29,Theft,17,Downtown
2022-05-29,Assault,2,Downtown
2022-05-29,Burglary,2,Downtown
2022-05-29,Vandalism,7,Downtown
2022-05-30,Theft,3,Downtown
2022-05-30,Assault,10,Downtown
2022-05-30,Burglary,12,Downtown
2022-05-30,Vandalism,2,Downtown
2022-05-31,Theft,2,Downtown
2022-05-31,Assault,11,Downtown
2022-05-31,Burglary,2,Downtown
2022-05-31,Vandalism,12,Downtown
2022-06-01,Theft,5,Downtown
2022-06-01,Assault,11,Downtown
2022-06-01,Burglary,1,Downtown
2022-06-01,Vandalism,10,Downtown
2022-06-02,Theft,5,Downtown
2022-06-02,Assault,7,Downtown
2022-06-02,Burglary,2,Downtown
2022-06-02,Vandalism,11,Downtown
2022-06-03,Theft,22,Downtown
2022-06-03,Assault,3,Downtown
2022-06-03,Burglary,1,Downtown
2022-06-04,Theft,9,Downtown
2022-06-04,Assault,8,Downtown
2022-06-04,Burglary,7,Downtown
2022-06-04,Vandalism,2,Downtown
2022-06-05,Theft,2,Downtown
2022-06-05,Assault,3,Downtown
2022-06-05,Burglary,3,Downtown
2022-06-05,Vandalism,16,Downtown
2022-06-06,Theft,2,Downtown
2022-06-06,Assault,14,Downtown
2022-06-06,Burglary,6,Downtown
2022-06-06,Vandalism,7,Downtown
2022-06-07,Theft,4,Downtown
2022-06-07,Assault,4,Downtown
2022-06-07,Burglary,18,Downtown
2022-06-08,Theft,4,Downtown
2022-06-08,Assault,2,Downtown
2022-06-08,Burglary,10,Downtown
2022-06-08,Vandalism,7,Downtown
2022-06-09,Theft,2,Downtown
2022-06-09,Assault,10,Downtown
2022-06-09,Burglary,9,Downtown
2022-06-09,Vandalism,5,Downtown
2022-06-10,Theft,4,Downtown
2022-06-10,Assault,7,Downtown
2022-06-10,Burglary,1,Downtown
2022-06-10,Vandalism,11,Downtown
2022-06-11,Theft,1,Downtown
2022-06-11,Assault,15,Downtown
2022-06-11,Burglary,3,Downtown
2022-06-11,Vandalism,7,Downtown
2022-06-12,Theft,13,Downtown
2022-06-12,Assault,7,Downtown
2022-06-12,Burglary,5,Downtown
2022-06-12,Vandalism,2,Downtown
2022-06-13,Theft,2,Downtown
2022-06-13,Assault,3,Downtown
2022-06-13,Burglary,15,Downtown
2022-06-13,Vandalism,3,Downtown
2022-06-14,Theft,19,Downtown
2022-06-14,Assault,3,Downtown
2022-06-14,Burglary,1,Downtown
2022-06-14,Vandalism,3,Downtown
2022-06-15,Theft,17,Downtown
2022-06-15,Assault,1,Downtown
2022-06-15,Burglary,6,Downtown
2022-06-15,Vandalism,1,Downtown
2022-06-16,Theft,7,Downtown
2022-06-16,Assault,1,Downtown
2022-06-16,Burglary,5,Downtown
2022-06-16,Vandalism,13,Downtown
2022-06-17,Theft,2,Downtown
2022-06-17,Assault,5,Downtown
2022-06-17,Burglary,8,Downtown
2022-06-17,Vandalism,13,Downtown
2022-06-18,Theft,1,Downtown
2022-06-18,Assault,2,Downtown
2022-06-18,Burglary,1,Downtown
2022-06-18,Vandalism,19,Downtown
2022-06-19,Theft,10,Downtown
2022-06-19,Assault,2,Downtown
2022-06-19,Burglary,7,Downtown
2022-06-19,Vandalism,3,Downtown
2022-06-20,Theft,1,Downtown
2022-06-20,Assault,7,Downtown
2022-06-20,Burglary,9,Downtown
2022-06-20,Vandalism,4,Downtown
2022-06-21,Theft,14,Downtown
2022-06-21,Assault,3,Downtown
2022-06-21,Burglary,2,Downtown
2022-06-21,Vandalism,2,Downtown
2022-06-22,Theft,1,Downtown
2022-06-22,Assault,3,Downtown
2022-06-22,Burglary,1,Downtown
2022-06-22,Vandalism,18,Downtown
2022-06-23,Theft,3,Downtown
2022-06-23,Assault,7,Downtown
2022-06-23,Burglary,1,Downtown
2022-06-23,Vandalism,12,Downtown
2022-06-24,Theft,10,Downtown
2022-06-24,Assault,1,Downtown
2022-06-24,Burglary,8,Downtown
2022-06-24,Vandalism,4,Downtown
2022-06-25,Theft,8,Downtown
2022-06-25,Assault,4,Downtown
2022-06-25,Burglary,7,Downtown
2022-06-25,Vandalism,5,Downtown
2022-06-26,Theft,6,Downtown
2022-06-26,Assault,2,Downtown
2022-06-26,Burglary,7,Downtown
2022-06-26,Vandalism,7,Downtown
2022-06-27,Theft,11,Downtown
2022-06-27,Assault,11,Downtown
2022-06-27,Burglary,2,Downtown
2022-06-27,Vandalism,1,Downtown
2022-06-28,Theft,5,Downtown
2022-06-28,Assault,2,Downtown
2022-06-28,Burglary,11,Downtown
2022-06-28,Vandalism,3,Downtown
2022-06-29,Theft,5,Downtown
2022-06-29,Assault,14,Downtown
2022-06-29,Burglary,5,Downtown
2022-06-29,Vandalism,3,Downtown
2022-06-30,Theft,2,Downtown
2022-06-30,Assault,6,Downtown
2022-06-30,Burglary,1,Downtown
2022-06-30,Vandalism,14,Downtown
2022-07-01,Theft,5,Downtown
2022-07-01,Assault,1,Downtown
2022-07-01,Burglary,9,Downtown
2022-07-01,Vandalism,5,Downtown
2022-07-02,Theft,8,Downtown
2022-07-02,Assault,1,Downtown
2022-07-02,Burglary,5,Downtown
2022-07-02,Vandalism,5,Downtown
2022-07-03,Theft,3,Downtown
2022-07-03,Assault,1,Downtown
2022-07-03,Burglary,17,Downtown
2022-07-03,Vandalism,1,Downtown
2022-07-04,Theft,3,Downtown
2022-07-04,Assault,10,Downtown
2022-07-04,Burglary,7,Downtown
2022-07-04,Vandalism,1,Downtown
2022-07-05,Theft,15,Downtown
2022-07-05,Vandalism,7,Downtown
2022-07-06,Theft,6,Downtown
2022-07-06,Assault,5,Downtown
2022-07-06,Burglary,9,Downtown
2022-07-06,Vandalism,2,Downtown
2022-07-07,Assault,16,Downtown
2022-07-07,Vandalism,4,Downtown
2022-07-08,Theft,17,Downtown
2022-07-08,Burglary,1,Downtown
2022-07-08,Vandalism,1,Downtown
2022-07-09,Theft,2,Downtown
2022-07-09,Assault,1,Downtown
2022-07-09,Burglary,8,Downtown
2022-07-09,Vandalism,6,Downtown
2022-07-10,Theft,10,Downtown
2022-07-10,Assault,3,Downtown
2022-07-10,Burglary,3,Downtown
2022-07-10,Vandalism,3,Downtown
2022-07-11,Theft,9,Downtown
2022-07-11,Assault,7,Downtown
2022-07-11,Burglary,5,Downtown
2022-07-11,Vandalism,1,Downtown
2022-07-12,Theft,13,Downtown
2022-07-12,Assault,3,Downtown
2022-07-12,Burglary,1,Downtown
2022-07-12,Vandalism,3,Downtown
2022-07-13,Theft,2,Downtown
2022-07-13,Assault,6,Downtown
2022-07-13,Burglary,4,Downtown
2022-07-13,Vandalism,5,Downtown
2022-07-14,Assault,9,Downtown
2022-07-14,Burglary,11,Downtown
2022-07-15,Theft,2,Downtown
2022-07-15,Assault,11,Downtown
2022-07-15,Burglary,1,Downtown
2022-07-15,Vandalism,6,Downtown
2022-07-16,Theft,1,Downtown
2022-07-16,Burglary,1,Downtown
2022-07-16,Vandalism,15,Downtown
2022-07-17,Theft,5,Downtown
2022-07-17,Assault,11,Downtown
2022-07-17,Burglary,2,Downtown
2022-07-17,Vandalism,1,Downtown
2022-07-18,Theft,9,Downtown
2022-07-18,Assault,6,Downtown
2022-07-18,Burglary,3,Downtown
2022-07-18,Vandalism,1,Downtown
2022-07-19,Theft,1,Downtown
2022-07-19,Assault,9,Downtown
2022-07-19,Burglary,1,Downtown
2022-07-19,Vandalism,5,Downtown
2022-07-20,Theft,6,Downtown
2022-07-20,Assault,4,Downtown
2022-07-20,Burglary,7,Downtown
2022-07-20,Vandalism,2,Downtown
2022-07-21,Theft,13,Downtown
2022-07-21,Assault,1,Downtown
2022-07-21,Vandalism,5,Downtown
2022-07-22,Theft,12,Downtown
2022-07-22,Assault,7,Downtown
2022-07-22,Vandalism,1,Downtown
2022-07-23,Theft,9,Downtown
2022-07-23,Assault,1,Downtown
2022-07-23,Burglary,4,Downtown
2022-07-23,Vandalism,6,Downtown
2022-07-24,Theft,3,Downtown
2022-07-24,Assault,6,Downtown
2022-07-24,Burglary,3,Downtown
2022-07-24,Vandalism,3,Downtown
2022-07-25,Theft,1,Downtown
2022-07-25,Assault,5,Downtown
2022-07-25,Burglary,1,Downtown
2022-07-25,Vandalism,9,Downtown
2022-07-26,Theft,6,Downtown
2022-07-26,Vandalism,12,Downtown
2022-07-27,Theft,1,Downtown
2022-07-27,Vandalism,17,Downtown
2022-07-28,Theft,1,Downtown
2022-07-28,Assault,1,Downtown
2022-07-28,Burglary,9,Downtown
2022-07-28,Vandalism,7,Downtown
2022-07-29,Theft,14,Downtown
2022-07-29,Assault,7,Downtown
2022-07-29,Burglary,2,Downtown
2022-07-29,Vandalism,2,Downtown
2022-07-30,Theft,7,Downtown
2022-07-30,Assault,9,Downtown
2022-07-30,Burglary,2,Downtown
2022-07-31,Theft,1,Downtown
2022-07-31,Assault,12,Downtown
2022-07-31,Burglary,1,Downtown
2022-07-31,Vandalism,5,Downtown
2022-08-01,Theft,13,Downtown
2022-08-01,Assault,4,Downtown
2022-08-01,Vandalism,1,Downtown
2022-08-02,Theft,1,Downtown
2022-08-02,Burglary,14,Downtown
2022-08-02,Vandalism,3,Downtown
2022-08-03,Theft,11,Downtown
2022-08-03,Assault,1,Downtown
2022-08-03,Burglary,1,Downtown
2022-08-03,Vandalism,3,Downtown
2022-08-04,Theft,3,Downtown
2022-08-04,Assault,3,Downtown
2022-08-04,Burglary,5,Downtown
2022-08-04,Vandalism,7,Downtown
2022-08-05,Theft,2,Downtown
2022-08-05,Assault,1,Downtown
2022-08-05,Burglary,1,Downtown
2022-08-05,Vandalism,10,Downtown
2022-08-06,Theft,1,Downtown
2022-08-06,Assault,4,Downtown
2022-08-06,Burglary,6,Downtown
2022-08-06,Vandalism,4,Downtown
2022-08-07,Theft,1,Downtown
2022-08-07,Assault,1,Downtown
2022-08-07,Burglary,9,Downtown
2022-08-07,Vandalism,4,Downtown
2022-08-08,Theft,2,Downtown
2022-08-08,Burglary,12,Downtown
2022-08-08,Vandalism,3,Downtown
2022-08-09,Theft,5,Downtown
2022-08-09,Assault,6,Downtown
2022-08-09,Burglary,8,Downtown
2022-08-09,Vandalism,1,Downtown
2022-08-10,Assault,7,Downtown
2022-08-10,Burglary,3,Downtown
2022-08-10,Vandalism,2,Downtown
2022-08-11,Theft,2,Downtown
2022-08-11,Burglary,3,Downtown
2022-08-11,Vandalism,12,Downtown
2022-08-12,Theft,1,Downtown
2022-08-12,Assault,4,Downtown
2022-08-12,Burglary,6,Downtown
2022-08-12,Vandalism,1,Downtown
2022-08-13,Theft,5,Downtown
2022-08-13,Assault,6,Downtown
2022-08-13,Burglary,1,Downtown
2022-08-13,Vandalism,2,Downtown
2022-08-14,Theft,2,Downtown
2022-08-14,Assault,2,Downtown
2022-08-14,Burglary,7,Downtown
2022-08-14,Vandalism,6,Downtown
2022-08-15,Theft,1,Downtown
2022-08-15,Assault,3,Downtown
2022-08-15,Burglary,4,Downtown
2022-08-15,Vandalism,7,Downtown
2022-08-16,Theft,4,Downtown
2022-08-16,Assault,5,Downtown
2022-08-16,Burglary,1,Downtown
2022-08-16,Vandalism,2,Downtown
2022-08-17,Assault,1,Downtown
2022-08-17,Burglary,3,Downtown
2022-08-17,Vandalism,9,Downtown
2022-08-18,Assault,9,Downtown
2022-08-18,Burglary,5,Downtown
2022-08-18,Vandalism,2,Downtown
2022-08-19,Theft,6,Downtown
2022-08-19,Assault,4,Downtown
2022-08-19,Burglary,1,Downtown
2022-08-19,Vandalism,2,Downtown
2022-08-20,Theft,6,Downtown
2022-08-20,Assault,3,Downtown
2022-08-20,Vandalism,6,Downtown
2022-08-21,Assault,4,Downtown
2022-08-21,Burglary,1,Downtown
2022-08-21,Vandalism,9,Downtown
2022-08-22,Theft,4,Downtown
2022-08-22,Assault,4,Downtown
2022-08-22,Burglary,2,Downtown
2022-08-22,Vandalism,3,Downtown
2022-08-23,Theft,4,Downtown
2022-08-23,Assault,12,Downtown
2022-08-23,Burglary,1,Downtown
2022-08-23,Vandalism,1,Downtown
2022-08-24,Theft,3,Downtown
2022-08-24,Assault,7,Downtown
2022-08-24,Burglary,3,Downtown
2022-08-24,Vandalism,2,Downtown
2022-08-25,Assault,5,Downtown
2022-08-25,Burglary,1,Downtown
2022-08-25,Vandalism,4,Downtown
2022-08-26,Theft,1,Downtown
2022-08-26,Assault,2,Downtown
2022-08-26,Burglary,2,Downtown
2022-08-26,Vandalism,9,Downtown
2022-08-27,Theft,4,Downtown
2022-08-27,Assault,7,Downtown
2022-08-27,Burglary,1,Downtown
2022-08-28,Theft,3,Downtown
2022-08-28,Assault,3,Downtown
2022-08-28,Burglary,4,Downtown
2022-08-28,Vandalism,5,Downtown
2022-08-29,Theft,1,Downtown
2022-08-29,Assault,8,Downtown
2022-08-29,Burglary,3,Downtown
2022-08-30,Theft,2,Downtown
2022-08-30,Assault,3,Downtown
2022-08-30,Burglary,8,Downtown
2022-08-31,Theft,8,Downtown
2022-08-31,Assault,3,Downtown
2022-08-31,Burglary,2,Downtown
2022-08-31,Vandalism,1,Downtown
2022-09-01,Theft,9,Downtown
2022-09-01,Assault,2,Downtown
2022-09-01,Burglary,3,Downtown
2022-09-01,Vandalism,1,Downtown
2022-09-02,Theft,1,Downtown
2022-09-02,Assault,6,Downtown
2022-09-02,Burglary,3,Downtown
2022-09-02,Vandalism,1,Downtown
2022-09-03,Theft,2,Downtown
2022-09-03,Assault,4,Downtown
2022-09-03,Burglary,6,Downtown
2022-09-04,Theft,2,Downtown
2022-09-04,Assault,6,Downtown
2022-09-04,Burglary,2,Downtown
2022-09-04,Vandalism,2,Downtown
2022-09-05,Assault,2,Downtown
2022-09-05,Burglary,9,Downtown
2022-09-06,Assault,10,Downtown
2022-09-06,Burglary,2,Downtown
2022-09-06,Vandalism,4,Downtown
2022-09-07,Theft,1,Downtown
2022-09-07,Assault,9,Downtown
2022-09-07,Burglary,1,Downtown
2022-09-07,Vandalism,2,Downtown
2022-09-08,Theft,4,Downtown
2022-09-08,Assault,3,Downtown
2022-09-08,Vandalism,3,Downtown
2022-09-09,Theft,6,Downtown
2022-09-09,Assault,6,Downtown
2022-09-09,Burglary,1,Downtown
2022-09-09,Vandalism,1,Downtown
2022-09-10,Theft,6,Downtown
2022-09-10,Assault,2,Downtown
2022-09-10,Burglary,3,Downtown
2022-09-10,Vandalism,6,Downtown
2022-09-11,Theft,1,Downtown
2022-09-11,Assault,4,Downtown
2022-09-11,Burglary,2,Downtown
2022-09-11,Vandalism,7,Downtown
2022-09-12,Theft,6,Downtown
2022-09-12,Assault,2,Downtown
2022-09-12,Vandalism,1,Downtown
2022-09-13,Theft,1,Downtown
2022-09-13,Burglary,5,Downtown
2022-09-13,Vandalism,5,Downtown
2022-09-14,Theft,2,Downtown
2022-09-14,Assault,2,Downtown
2022-09-14,Burglary,8,Downtown
2022-09-14,Vandalism,3,Downtown
2022-09-15,Theft,7,Downtown
2022-09-15,Burglary,3,Downtown
2022-09-15,Vandalism,1,Downtown
2022-09-16,Theft,5,Downtown
2022-09-16,Assault,4,Downtown
2022-09-16,Burglary,2,Downtown
2022-09-16,Vandalism,2,Downtown
2022-09-17,Theft,7,Downtown
2022-09-17,Burglary,1,Downtown
2022-09-17,Vandalism,6,Downtown
2022-09-18,Theft,2,Downtown
2022-09-18,Assault,1,Downtown
2022-09-18,Burglary,6,Downtown
2022-09-18,Vandalism,1,Downtown
2022-09-19,Theft,1,Downtown
2022-09-19,Burglary,3,Downtown
2022-09-19,Vandalism,8,Downtown
2022-09-20,Assault,4,Downtown
2022-09-20,Burglary,1,Downtown
2022-09-20,Vandalism,1,Downtown
2022-09-21,Theft,1,Downtown
2022-09-21,Assault,4,Downtown
2022-09-21,Burglary,5,Downtown
2022-09-22,Assault,7,Downtown
2022-09-22,Burglary,3,Downtown
2022-09-22,Vandalism,1,Downtown
2022-09-23,Theft,2,Downtown
2022-09-23,Assault,1,Downtown
2022-09-23,Burglary,6,Downtown
2022-09-24,Theft,2,Downtown
2022-09-24,Assault,4,Downtown
2022-09-24,Burglary,6,Downtown
2022-09-24,Vandalism,3,Downtown
2022-09-25,Assault,4,Downtown
2022-09-25,Burglary,4,Downtown
2022-09-25,Vandalism,1,Downtown
2022-09-26,Theft,5,Downtown
2022-09-26,Assault,3,Downtown
2022-09-26,Burglary,2,Downtown
2022-09-26,Vandalism,1,Downtown
2022-09-27,Theft,3,Downtown
2022-09-27,Assault,5,Downtown
2022-09-27,Burglary,4,Downtown
2022-09-28,Theft,4,Downtown
2022-09-28,Assault,8,Downtown
2022-09-28,Burglary,3,Downtown
2022-09-29,Theft,6,Downtown
2022-09-29,Assault,1,Downtown
2022-09-29,Burglary,1,Downtown
2022-09-29,Vandalism,1,Downtown
2022-09-30,Theft,2,Downtown
2022-09-30,Assault,7,Downtown
2022-09-30,Burglary,4,Downtown
2022-09-30,Vandalism,1,Downtown
2022-10-01,Theft,3,Downtown
2022-10-01,Assault,4,Downtown
2022-10-01,Burglary,4,Downtown
2022-10-01,Vandalism,1,Downtown
2022-10-02,Theft,2,Downtown
2022-10-02,Assault,4,Downtown
2022-10-02,Burglary,2,Downtown
2022-10-02,Vandalism,2,Downtown
2022-10-03,Theft,1,Downtown
2022-10-03,Assault,4,Downtown
2022-10-03,Burglary,3,Downtown
2022-10-03,Vandalism,5,Downtown
2022-10-04,Theft,6,Downtown
2022-10-04,Assault,2,Downtown
2022-10-04,Burglary,2,Downtown
2022-10-04,Vandalism,2,Downtown
2022-10-05,Theft,1,Downtown
2022-10-05,Assault,6,Downtown
2022-10-05,Burglary,2,Downtown
2022-10-05,Vandalism,2,Downtown
2022-10-06,Theft,1,Downtown
2022-10-06,Assault,2,Downtown
2022-10-06,Burglary,7,Downtown
2022-10-06,Vandalism,2,Downtown
2022-10-07,Theft,1,Downtown
2022-10-07,Assault,3,Downtown
2022-10-07,Burglary,1,Downtown
2022-10-07,Vandalism,6,Downtown
2022-10-08,Theft,4,Downtown
2022-10-08,Assault,3,Downtown
2022-10-08,Burglary,4,Downtown
2022-10-08,Vandalism,1,Downtown
2022-10-09,Theft,3,Downtown
2022-10-09,Assault,1,Downtown
2022-10-09,Burglary,8,Downtown
2022-10-09,Vandalism,1,Downtown
2022-10-10,Theft,1,Downtown
2022-10-10,Assault,1,Downtown
2022-10-10,Burglary,1,Downtown
2022-10-10,Vandalism,12,Downtown
2022-10-11,Theft,4,Downtown
2022-10-11,Assault,1,Downtown
2022-10-11,Burglary,2,Downtown
2022-10-11,Vandalism,3,Downtown
2022-10-12,Assault,8,Downtown
2022-10-12,Burglary,6,Downtown
2022-10-12,Vandalism,2,Downtown
2022-10-13,Theft,3,Downtown
2022-10-13,Burglary,4,Downtown
2022-10-13,Vandalism,1,Downtown
2022-10-14,Theft,3,Downtown
2022-10-14,Assault,1,Downtown
2022-10-14,Burglary,6,Downtown
2022-10-14,Vandalism,2,Downtown
2022-10-15,Theft,1,Downtown
2022-10-15,Assault,11,Downtown
2022-10-15,Burglary,1,Downtown
2022-10-16,Theft,4,Downtown
2022-10-16,Assault,1,Downtown
2022-10-16,Burglary,1,Downtown
2022-10-16,Vandalism,7,Downtown
2022-10-17,Theft,4,Downtown
2022-10-17,Assault,3,Downtown
2022-10-17,Burglary,2,Downtown
2022-10-17,Vandalism,2,Downtown
2022-10-18,Theft,2,Downtown
2022-10-18,Assault,2,Downtown
2022-10-18,Burglary,6,Downtown
2022-10-18,Vandalism,2,Downtown
2022-10-19,Theft,1,Downtown
2022-10-19,Assault,4,Downtown
2022-10-19,Burglary,5,Downtown
2022-10-19,Vandalism,1,Downtown
2022-10-20,Theft,4,Downtown
2022-10-20,Assault,6,Downtown
2022-10-20,Vandalism,1,Downtown
2022-10-21,Theft,1,Downtown
2022-10-21,Assault,2,Downtown
2022-10-21,Burglary,3,Downtown
2022-10-21,Vandalism,8,Downtown
2022-10-22,Theft,3,Downtown
2022-10-22,Assault,3,Downtown
2022-10-22,Burglary,1,Downtown
2022-10-22,Vandalism,6,Downtown
2022-10-23,Theft,1,Downtown
2022-10-23,Assault,8,Downtown
2022-10-23,Burglary,2,Downtown
2022-10-24,Theft,6,Downtown
2022-10-24,Assault,2,Downtown
2022-10-24,Burglary,7,Downtown
2022-10-25,Assault,2,Downtown
2022-10-25,Burglary,10,Downtown
2022-10-25,Vandalism,1,Downtown
2022-10-26,Theft,5,Downtown
2022-10-26,Assault,5,Downtown
2022-10-26,Burglary,3,Downtown
2022-10-26,Vandalism,2,Downtown
2022-10-27,Theft,2,Downtown
2022-10-27,Burglary,3,Downtown
2022-10-27,Vandalism,9,Downtown
2022-10-28,Theft,4,Downtown
2022-10-28,Assault,3,Downtown
2022-10-28,Burglary,2,Downtown
2022-10-28,Vandalism,2,Downtown
2022-10-29,Theft,3,Downtown
2022-10-29,Assault,1,Downtown
2022-10-29,Burglary,5,Downtown
2022-10-29,Vandalism,3,Downtown
2022-10-30,Theft,2,Downtown
2022-10-30,Assault,5,Downtown
2022-10-30,Burglary,5,Downtown
2022-10-30,Vandalism,3,Downtown
2022-10-31,Theft,3,Downtown
2022-10-31,Assault,1,Downtown
2022-10-31,Burglary,2,Downtown
2022-10-31,Vandalism,9,Downtown
2022-11-01,Theft,2,Downtown
2022-11-01,Burglary,4,Downtown
2022-11-01,Vandalism,7,Downtown
2022-11-02,Theft,1,Downtown
2022-11-02,Assault,5,Downtown
2022-11-02,Burglary,1,Downtown
2022-11-02,Vandalism,7,Downtown
2022-11-03,Theft,4,Downtown
2022-11-03,Assault,4,Downtown
2022-11-03,Vandalism,8,Downtown
2022-11-04,Theft,4,Downtown
2022-11-04,Assault,1,Downtown
2022-11-04,Burglary,7,Downtown
2022-11-04,Vandalism,1,Downtown
2022-11-05,Theft,8,Downtown
2022-11-05,Assault,4,Downtown
2022-11-05,Burglary,2,Downtown
2022-11-05,Vandalism,1,Downtown
2022-11-06,Theft,3,Downtown
2022-11-06,Burglary,7,Downtown
2022-11-06,Vandalism,4,Downtown
2022-11-07,Theft,4,Downtown
2022-11-07,Assault,2,Downtown
2022-11-07,Burglary,2,Downtown
2022-11-07,Vandalism,6,Downtown
2022-11-08,Assault,7,Downtown
2022-11-08,Burglary,6,Downtown
2022-11-08,Vandalism,3,Downtown
2022-11-09,Theft,5,Downtown
2022-11-09,Assault,10,Downtown
2022-11-09,Burglary,1,Downtown
2022-11-10,Theft,10,Downtown
2022-11-10,Assault,1,Downtown
2022-11-10,Burglary,3,Downtown
2022-11-10,Vandalism,2,Downtown
2022-11-11,Theft,7,Downtown
2022-11-11,Assault,3,Downtown
2022-11-11,Vandalism,7,Downtown
2022-11-12,Theft,4,Downtown
2022-11-12,Assault,1,Downtown
2022-11-12,Vandalism,10,Downtown
2022-11-13,Theft,3,Downtown
2022-11-13,Assault,5,Downtown
2022-11-13,Burglary,6,Downtown
2022-11-13,Vandalism,2,Downtown
2022-11-14,Theft,5,Downtown
2022-11-14,Assault,4,Downtown
2022-11-14,Burglary,1,Downtown
2022-11-14,Vandalism,4,Downtown
2022-11-15,Theft,3,Downtown
2022-11-15,Assault,7,Downtown
2022-11-15,Burglary,3,Downtown
2022-11-15,Vandalism,3,Downtown
2022-11-16,Theft,7,Downtown
2022-11-16,Assault,1,Downtown
2022-11-16,Burglary,5,Downtown
2022-11-16,Vandalism,2,Downtown
2022-11-17,Theft,5,Downtown
2022-11-17,Assault,1,Downtown
2022-11-17,Burglary,4,Downtown
2022-11-17,Vandalism,5,Downtown
2022-11-18,Theft,3,Downtown
2022-11-18,Assault,8,Downtown
2022-11-18,Burglary,2,Downtown
2022-11-18,Vandalism,4,Downtown
2022-11-19,Theft,5,Downtown
2022-11-19,Assault,7,Downtown
2022-11-19,Vandalism,2,Downtown
2022-11-20,Theft,7,Downtown
2022-11-20,Assault,10,Downtown
2022-11-20,Burglary,1,Downtown
2022-11-20,Vandalism,2,Downtown
2022-11-21,Theft,1,Downtown
2022-11-21,Assault,10,Downtown
2022-11-21,Burglary,1,Downtown
2022-11-21,Vandalism,2,Downtown
2022-11-22,Theft,1,Downtown
2022-11-22,Assault,8,Downtown
2022-11-22,Burglary,3,Downtown
2022-11-22,Vandalism,2,Downtown
2022-11-23,Theft,3,Downtown
2022-11-23,Assault,8,Downtown
2022-11-23,Vandalism,7,Downtown
2022-11-24,Theft,10,Downtown
2022-11-24,Assault,2,Downtown
2022-11-24,Burglary,3,Downtown
2022-11-24,Vandalism,3,Downtown
2022-11-25,Theft,4,Downtown
2022-11-25,Assault,8,Downtown
2022-11-25,Burglary,1,Downtown
2022-11-25,Vandalism,5,Downtown
2022-11-26,Theft,7,Downtown
2022-11-26,Assault,1,Downtown
2022-11-26,Burglary,7,Downtown
2022-11-26,Vandalism,3,Downtown
2022-11-27,Theft,9,Downtown
2022-11-27,Assault,3,Downtown
2022-11-27,Vandalism,5,Downtown
2022-11-28,Theft,13,Downtown
2022-11-28,Burglary,1,Downtown
2022-11-28,Vandalism,1,Downtown
2022-11-29,Theft,2,Downtown
2022-11-29,Assault,2,Downtown
2022-11-29,Burglary,9,Downtown
2022-11-29,Vandalism,4,Downtown
2022-11-30,Theft,4,Downtown
2022-11-30,Assault,1,Downtown
2022-11-30,Burglary,3,Downtown
2022-11-30,Vandalism,8,Downtown
2022-12-01,Assault,14,Downtown
2022-12-01,Burglary,1,Downtown
2022-12-01,Vandalism,4,Downtown
2022-12-02,Assault,7,Downtown
2022-12-02,Burglary,9,Downtown
2022-12-02,Vandalism,1,Downtown
2022-12-03,Theft,5,Downtown
2022-12-03,Assault,6,Downtown
2022-12-03,Burglary,4,Downtown
2022-12-03,Vandalism,1,Downtown
2022-12-04,Theft,4,Downtown
2022-12-04,Assault,11,Downtown
2022-12-04,Burglary,1,Downtown
2022-12-04,Vandalism,1,Downtown
2022-12-05,Theft,2,Downtown
2022-12-05,Assault,9,Downtown
2022-12-05,Burglary,4,Downtown
2022-12-05,Vandalism,4,Downtown
2022-12-06,Theft,9,Downtown
2022-12-06,Assault,4,Downtown
2022-12-06,Burglary,3,Downtown
2022-12-06,Vandalism,1,Downtown
2022-12-07,Theft,1,Downtown
2022-12-07,Assault,2,Downtown
2022-12-07,Burglary,2,Downtown
2022-12-07,Vandalism,12,Downtown
2022-12-08,Theft,3,Downtown
2022-12-08,Assault,2,Downtown
2022-12-08,Burglary,4,Downtown
2022-12-08,Vandalism,10,Downtown
2022-12-09,Theft,8,Downtown
2022-12-09,Assault,5,Downtown
2022-12-09,Burglary,3,Downtown
2022-12-09,Vandalism,3,Downtown
2022-12-10,Assault,2,Downtown
2022-12-10,Burglary,10,Downtown
2022-12-10,Vandalism,6,Downtown
2022-12-11,Theft,2,Downtown
2022-12-11,Assault,5,Downtown
2022-12-11,Burglary,4,Downtown
2022-12-11,Vandalism,7,Downtown
2022-12-12,Theft,7,Downtown
2022-12-12,Assault,4,Downtown
2022-12-12,Burglary,7,Downtown
2022-12-12,Vandalism,2,Downtown
2022-12-13,Theft,1,Downtown
2022-12-13,Assault,6,Downtown
2022-12-13,Burglary,3,Downtown
2022-12-13,Vandalism,6,Downtown
2022-12-14,Theft,3,Downtown
2022-12-14,Assault,5,Downtown
2022-12-14,Burglary,8,Downtown
2022-12-14,Vandalism,1,Downtown
2022-12-15,Theft,15,Downtown
2022-12-15,Burglary,3,Downtown
2022-12-16,Theft,4,Downtown
2022-12-16,Assault,7,Downtown
2022-12-16,Burglary,6,Downtown
2022-12-16,Vandalism,2,Downtown
2022-12-17,Theft,4,Downtown
2022-12-17,Burglary,6,Downtown
2022-12-17,Vandalism,11,Downtown
2022-12-18,Theft,6,Downtown
2022-12-18,Assault,10,Downtown
2022-12-18,Burglary,7,Downtown
2022-12-19,Theft,3,Downtown
2022-12-19,Assault,11,Downtown
2022-12-19,Burglary,6,Downtown
2022-12-19,Vandalism,2,Downtown
2022-12-20,Theft,3,Downtown
2022-12-20,Assault,1,Downtown
2022-12-20,Burglary,1,Downtown
2022-12-20,Vandalism,15,Downtown
2022-12-21,Theft,5,Downtown
2022-12-21,Assault,9,Downtown
2022-12-21,Burglary,1,Downtown
2022-12-21,Vandalism,6,Downtown
2022-12-22,Theft,15,Downtown
2022-12-22,Assault,3,Downtown
2022-12-22,Burglary,1,Downtown
2022-12-23,Theft,1,Downtown
2022-12-23,Assault,14,Downtown
2022-12-23,Burglary,3,Downtown
2022-12-23,Vandalism,3,Downtown
2022-12-24,Theft,6,Downtown
2022-12-24,Assault,3,Downtown
2022-12-24,Burglary,10,Downtown
2022-12-24,Vandalism,2,Downtown
2022-12-25,Assault,12,Downtown
2022-12-25,Burglary,1,Downtown
2022-12-25,Vandalism,9,Downtown
2022-12-26,Theft,15,Downtown
2022-12-26,Assault,2,Downtown
2022-12-26,Vandalism,3,Downtown
2022-12-27,Burglary,16,Downtown
2022-12-27,Vandalism,7,Downtown
2022-12-28,Theft,1,Downtown
2022-12-28,Assault,6,Downtown
2022-12-28,Burglary,7,Downtown
2022-12-28,Vandalism,11,Downtown
2022-12-29,Theft,8,Downtown
2022-12-29,Assault,2,Downtown
2022-12-29,Burglary,7,Downtown
2022-12-29,Vandalism,5,Downtown
2022-12-30,Theft,2,Downtown
2022-12-30,Assault,7,Downtown
2022-12-30,Burglary,11,Downtown
2022-12-30,Vandalism,3,Downtown
2022-12-31,Theft,12,Downtown
2022-12-31,Assault,5,Downtown
2022-12-31,Burglary,1,Downtown
2022-12-31,Vandalism,6,Downtown
2023-01-01,Theft,18,Downtown
2023-01-01,Burglary,4,Downtown
2023-01-02,Theft,10,Downtown
2023-01-02,Assault,8,Downtown
2023-01-02,Burglary,2,Downtown
2023-01-02,Vandalism,3,Downtown
2023-01-03,Theft,10,Downtown
2023-01-03,Assault,4,Downtown
2023-01-03,Burglary,8,Downtown
2023-01-03,Vandalism,1,Downtown
2023-01-04,Theft,8,Downtown
2023-01-04,Assault,5,Downtown
2023-01-04,Burglary,9,Downtown
2023-01-04,Vandalism,1,Downtown
2023-01-05,Theft,8,Downtown
2023-01-05,Assault,4,Downtown
2023-01-05,Burglary,3,Downtown
2023-01-05,Vandalism,7,Downtown
2023-01-06,Theft,1,Downtown
2023-01-06,Assault,11,Downtown
2023-01-06,Burglary,1,Downtown
2023-01-06,Vandalism,11,Downtown
2023-01-07,Theft,1,Downtown
2023-01-07,Assault,10,Downtown
2023-01-07,Burglary,13,Downtown
2023-01-07,Vandalism,1,Downtown
2023-01-08,Theft,2,Downtown
2023-01-08,Assault,15,Downtown
2023-01-08,Burglary,3,Downtown
2023-01-08,Vandalism,7,Downtown
2023-01-09,Theft,4,Downtown
2023-01-09,Assault,7,Downtown
2023-01-09,Burglary,7,Downtown
2023-01-09,Vandalism,8,Downtown
2023-01-10,Theft,4,Downtown
2023-01-10,Assault,6,Downtown
2023-01-10,Burglary,16,Downtown
2023-01-10,Vandalism,3,Downtown
2023-01-11,Theft,6,Downtown
2023-01-11,Assault,11,Downtown
2023-01-11,Burglary,3,Downtown
2023-01-11,Vandalism,3,Downtown
2023-01-12,Theft,6,Downtown
2023-01-12,Assault,6,Downtown
2023-01-12,Burglary,10,Downtown
2023-01-12,Vandalism,4,Downtown
2023-01-13,Theft,21,Downtown
2023-01-13,Vandalism,4,Downtown
2023-01-14,Theft,8,Downtown
2023-01-14,Assault,6,Downtown
2023-01-14,Burglary,8,Downtown
2023-01-14,Vandalism,7,Downtown
2023-01-15,Assault,16,Downtown
2023-01-15,Burglary,1,Downtown
2023-01-15,Vandalism,6,Downtown
2023-01-16,Theft,6,Downtown
2023-01-16,Assault,10,Downtown
2023-01-16,Vandalism,8,Downtown
2023-01-17,Theft,4,Downtown
2023-01-17,Assault,5,Downtown
2023-01-17,Burglary,6,Downtown
2023-01-17,Vandalism,9,Downtown
2023-01-18,Theft,2,Downtown
2023-01-18,Assault,7,Downtown
2023-01-18,Burglary,4,Downtown
2023-01-18,Vandalism,8,Downtown
2023-01-19,Theft,11,Downtown
2023-01-19,Assault,1,Downtown
2023-01-19,Burglary,13,Downtown
2023-01-20,Assault,1,Downtown
2023-01-20,Burglary,7,Downtown
2023-01-20,Vandalism,16,Downtown
2023-01-21,Burglary,16,Downtown
2023-01-21,Vandalism,10,Downtown
2023-01-22,Theft,9,Downtown
2023-01-22,Assault,11,Downtown
2023-01-22,Burglary,6,Downtown
2023-01-22,Vandalism,1,Downtown
2023-01-23,Theft,5,Downtown
2023-01-23,Assault,12,Downtown
2023-01-23,Burglary,2,Downtown
2023-01-23,Vandalism,11,Downtown
2023-01-24,Theft,1,Downtown
2023-01-24,Assault,5,Downtown
2023-01-24,Burglary,2,Downtown
2023-01-24,Vandalism,21,Downtown
2023-01-25,Theft,11,Downtown
2023-01-25,Burglary,12,Downtown
2023-01-25,Vandalism,3,Downtown
2023-01-26,Theft,3,Downtown
2023-01-26,Assault,1,Downtown
2023-01-26,Burglary,6,Downtown
2023-01-26,Vandalism,15,Downtown
2023-01-27,Theft,18,Downtown
2023-01-27,Assault,1,Downtown
2023-01-27,Burglary,1,Downtown
2023-01-27,Vandalism,8,Downtown
2023-01-28,Theft,3,Downtown
2023-01-28,Assault,3,Downtown
2023-01-28,Burglary,3,Downtown
2023-01-28,Vandalism,16,Downtown
2023-01-29,Theft,14,Downtown
2023-01-29,Assault,3,Downtown
2023-01-29,Burglary,12,Downtown
2023-01-29,Vandalism,2,Downtown
2023-01-30,Theft,4,Downtown
2023-01-30,Assault,1,Downtown
2023-01-30,Burglary,5,Downtown
2023-01-30,Vandalism,20,Downtown
2023-01-31,Theft,3,Downtown
2023-01-31,Assault,6,Downtown
2023-01-31,Burglary,16,Downtown
2023-01-31,Vandalism,2,Downtown
2023-02-01,Theft,5,Downtown
2023-02-01,Assault,9,Downtown
2023-02-01,Burglary,3,Downtown
2023-02-01,Vandalism,7,Downtown
2023-02-02,Theft,8,Downtown
2023-02-02,Assault,10,Downtown
2023-02-02,Burglary,7,Downtown
2023-02-02,Vandalism,6,Downtown
2023-02-03,Theft,4,Downtown
2023-02-03,Assault,6,Downtown
2023-02-03,Burglary,5,Downtown
2023-02-03,Vandalism,13,Downtown
2023-02-04,Theft,1,Downtown
2023-02-04,Assault,18,Downtown
2023-02-04,Burglary,8,Downtown
2023-02-04,Vandalism,4,Downtown
2023-02-05,Theft,5,Downtown
2023-02-05,Assault,2,Downtown
2023-02-05,Burglary,16,Downtown
2023-02-05,Vandalism,2,Downtown
2023-02-06,Theft,6,Downtown
2023-02-06,Assault,2,Downtown
2023-02-06,Burglary,2,Downtown
2023-02-06,Vandalism,17,Downtown
2023-02-07,Theft,3,Downtown
2023-02-07,Assault,10,Downtown
2023-02-07,Burglary,1,Downtown
2023-02-07,Vandalism,15,Downtown
2023-02-08,Assault,4,Downtown
2023-02-08,Burglary,20,Downtown
2023-02-08,Vandalism,5,Downtown
2023-02-09,Theft,10,Downtown
2023-02-09,Assault,1,Downtown
2023-02-09,Burglary,5,Downtown
2023-02-09,Vandalism,12,Downtown
2023-02-10,Theft,4,Downtown
2023-02-10,Assault,11,Downtown
2023-02-10,Burglary,13,Downtown
2023-02-10,Vandalism,2,Downtown
2023-02-11,Theft,3,Downtown
2023-02-11,Assault,17,Downtown
2023-02-11,Burglary,6,Downtown
2023-02-11,Vandalism,1,Downtown
2023-02-12,Theft,6,Downtown
2023-02-12,Assault,4,Downtown
2023-02-12,Burglary,9,Downtown
2023-02-12,Vandalism,10,Downtown
2023-02-13,Assault,2,Downtown
2023-02-13,Burglary,15,Downtown
2023-02-13,Vandalism,13,Downtown
2023-02-14,Theft,12,Downtown
2023-02-14,Assault,5,Downtown
2023-02-14,Burglary,10,Downtown
2023-02-14,Vandalism,4,Downtown
2023-02-15,Theft,4,Downtown
2023-02-15,Burglary,16,Downtown
2023-02-15,Vandalism,11,Downtown
2023-02-16,Theft,1,Downtown
2023-02-16,Assault,6,Downtown
2023-02-16,Burglary,4,Downtown
2023-02-16,Vandalism,17,Downtown
2023-02-17,Theft,6,Downtown
2023-02-17,Assault,1,Downtown
2023-02-17,Burglary,8,Downtown
2023-02-17,Vandalism,12,Downtown
2023-02-18,Assault,13,Downtown
2023-02-18,Burglary,5,Downtown
2023-02-18,Vandalism,15,Downtown
2023-02-19,Theft,15,Downtown
2023-02-19,Assault,2,Downtown
2023-02-19,Burglary,9,Downtown
2023-02-19,Vandalism,5,Downtown
2023-02-20,Theft,14,Downtown
2023-02-20,Assault,2,Downtown
2023-02-20,Burglary,7,Downtown
2023-02-20,Vandalism,6,Downtown
2023-02-21,Theft,4,Downtown
2023-02-21,Assault,2,Downtown
2023-02-21,Burglary,12,Downtown
2023-02-21,Vandalism,16,Downtown
2023-02-22,Theft,4,Downtown
2023-02-22,Assault,10,Downtown
2023-02-22,Burglary,5,Downtown
2023-02-22,Vandalism,12,Downtown
2023-02-23,Theft,2,Downtown
2023-02-23,Assault,23,Downtown
2023-02-23,Burglary,3,Downtown
2023-02-23,Vandalism,5,Downtown
2023-02-24,Theft,1,Downtown
2023-02-24,Assault,3,Downtown
2023-02-24,Burglary,19,Downtown
2023-02-24,Vandalism,8,Downtown
2023-02-25,Theft,7,Downtown
2023-02-25,Assault,2,Downtown
2023-02-25,Burglary,15,Downtown
2023-02-25,Vandalism,11,Downtown
2023-02-26,Theft,8,Downtown
2023-02-26,Assault,19,Downtown
2023-02-26,Vandalism,8,Downtown
2023-02-27,Theft,3,Downtown
2023-02-27,Assault,17,Downtown
2023-02-27,Burglary,2,Downtown
2023-02-27,Vandalism,9,Downtown
2023-02-28,Theft,17,Downtown
2023-02-28,Burglary,4,Downtown
2023-02-28,Vandalism,12,Downtown
2023-03-01,Theft,15,Downtown
2023-03-01,Assault,8,Downtown
2023-03-01,Burglary,6,Downtown
2023-03-01,Vandalism,4,Downtown
2023-03-02,Theft,19,Downtown
2023-03-02,Assault,9,Downtown
2023-03-02,Burglary,1,Downtown
2023-03-02,Vandalism,5,Downtown
2023-03-03,Theft,4,Downtown
2023-03-03,Assault,12,Downtown
2023-03-03,Burglary,1,Downtown
2023-03-03,Vandalism,13,Downtown
2023-03-04,Theft,13,Downtown
2023-03-04,Assault,2,Downtown
2023-03-04,Burglary,10,Downtown
2023-03-04,Vandalism,8,Downtown
2023-03-05,Theft,6,Downtown
2023-03-05,Assault,8,Downtown
2023-03-05,Burglary,5,Downtown
2023-03-05,Vandalism,15,Downtown
2023-03-06,Assault,12,Downtown
2023-03-06,Burglary,8,Downtown
2023-03-06,Vandalism,8,Downtown
2023-03-07,Theft,12,Downtown
2023-03-07,Assault,10,Downtown
2023-03-07,Burglary,7,Downtown
2023-03-07,Vandalism,1,Downtown
2023-03-08,Theft,3,Downtown
2023-03-08,Assault,3,Downtown
2023-03-08,Burglary,7,Downtown
2023-03-08,Vandalism,15,Downtown
2023-03-09,Theft,3,Downtown
2023-03-09,Burglary,15,Downtown
2023-03-09,Vandalism,14,Downtown
2023-03-10,Theft,5,Downtown
2023-03-10,Assault,16,Downtown
2023-03-10,Burglary,3,Downtown
2023-03-10,Vandalism,10,Downtown
2023-03-11,Theft,14,Downtown
2023-03-11,Assault,2,Downtown
2023-03-11,Burglary,11,Downtown
2023-03-11,Vandalism,8,Downtown
2023-03-12,Theft,10,Downtown
2023-03-12,Assault,14,Downtown
2023-03-12,Burglary,8,Downtown
2023-03-12,Vandalism,1,Downtown
2023-03-13,Theft,6,Downtown
2023-03-13,Assault,20,Downtown
2023-03-13,Burglary,1,Downtown
2023-03-13,Vandalism,9,Downtown
2023-03-14,Theft,8,Downtown
2023-03-14,Assault,14,Downtown
2023-03-14,Burglary,2,Downtown
2023-03-14,Vandalism,6,Downtown
2023-03-15,Theft,7,Downtown
2023-03-15,Burglary,11,Downtown
2023-03-15,Vandalism,11,Downtown
2023-03-16,Assault,18,Downtown
2023-03-16,Burglary,11,Downtown
2023-03-16,Vandalism,3,Downtown
2023-03-17,Theft,21,Downtown
2023-03-17,Assault,5,Downtown
2023-03-17,Burglary,2,Downtown
2023-03-17,Vandalism,5,Downtown
2023-03-18,Theft,12,Downtown
2023-03-18,Assault,1,Downtown
2023-03-18,Burglary,3,Downtown
2023-03-18,Vandalism,17,Downtown
2023-03-19,Theft,9,Downtown
2023-03-19,Assault,11,Downtown
2023-03-19,Burglary,8,Downtown
2023-03-19,Vandalism,1,Downtown
2023-03-20,Theft,6,Downtown
2023-03-20,Assault,18,Downtown
2023-03-20,Burglary,7,Downtown
2023-03-20,Vandalism,2,Downtown
2023-03-21,Theft,6,Downtown
2023-03-21,Assault,13,Downtown
2023-03-21,Burglary,5,Downtown
2023-03-21,Vandalism,6,Downtown
2023-03-22,Theft,1,Downtown
2023-03-22,Assault,16,Downtown
2023-03-22,Burglary,1,Downtown
2023-03-22,Vandalism,16,Downtown
2023-03-23,Theft,3,Downtown
2023-03-23,Assault,23,Downtown
2023-03-23,Burglary,6,Downtown
2023-03-23,Vandalism,2,Downtown
2023-03-24,Theft,7,Downtown
2023-03-24,Assault,11,Downtown
2023-03-24,Burglary,1,Downtown
2023-03-24,Vandalism,12,Downtown
2023-03-25,Theft,16,Downtown
2023-03-25,Assault,1,Downtown
2023-03-25,Burglary,6,Downtown
2023-03-25,Vandalism,9,Downtown
2023-03-26,Theft,8,Downtown
2023-03-26,Assault,9,Downtown
2023-03-26,Burglary,3,Downtown
2023-03-26,Vandalism,11,Downtown
2023-03-27,Theft,4,Downtown
2023-03-27,Assault,15,Downtown
2023-03-27,Burglary,11,Downtown
2023-03-27,Vandalism,3,Downtown
2023-03-28,Theft,2,Downtown
2023-03-28,Assault,4,Downtown
2023-03-28,Burglary,9,Downtown
2023-03-28,Vandalism,20,Downtown
2023-03-29,Theft,7,Downtown
2023-03-29,Assault,10,Downtown
2023-03-29,Burglary,5,Downtown
2023-03-29,Vandalism,9,Downtown
2023-03-30,Theft,12,Downtown
2023-03-30,Assault,4,Downtown
2023-03-30,Burglary,6,Downtown
2023-03-30,Vandalism,12,Downtown
2023-03-31,Theft,1,Downtown
2023-03-31,Assault,20,Downtown
2023-03-31,Burglary,2,Downtown
2023-03-31,Vandalism,9,Downtown
2023-04-01,Theft,19,Downtown
2023-04-01,Assault,3,Downtown
2023-04-01,Burglary,3,Downtown
2023-04-01,Vandalism,7,Downtown
2023-04-02,Theft,17,Downtown
2023-04-02,Assault,2,Downtown
2023-04-02,Burglary,6,Downtown
2023-04-02,Vandalism,8,Downtown
2023-04-03,Theft,19,Downtown
2023-04-03,Assault,4,Downtown
2023-04-03,Burglary,4,Downtown
2023-04-03,Vandalism,4,Downtown
2023-04-04,Theft,27,Downtown
2023-04-04,Assault,3,Downtown
2023-04-04,Vandalism,2,Downtown
2023-04-05,Theft,8,Downtown
2023-04-05,Assault,4,Downtown
2023-04-05,Burglary,15,Downtown
2023-04-05,Vandalism,4,Downtown
2023-04-06,Theft,6,Downtown
2023-04-06,Assault,4,Downtown
2023-04-06,Burglary,12,Downtown
2023-04-06,Vandalism,15,Downtown
2023-04-07,Theft,9,Downtown
2023-04-07,Assault,16,Downtown
2023-04-07,Vandalism,8,Downtown
2023-04-08,Theft,9,Downtown
2023-04-08,Assault,2,Downtown
2023-04-08,Burglary,20,Downtown
2023-04-08,Vandalism,1,Downtown
2023-04-09,Theft,12,Downtown
2023-04-09,Assault,3,Downtown
2023-04-09,Burglary,6,Downtown
2023-04-09,Vandalism,13,Downtown
2023-04-10,Theft,7,Downtown
2023-04-10,Assault,5,Downtown
2023-04-10,Burglary,4,Downtown
2023-04-10,Vandalism,17,Downtown
2023-04-11,Theft,3,Downtown
2023-04-11,Assault,9,Downtown
2023-04-11,Burglary,12,Downtown
2023-04-11,Vandalism,9,Downtown
2023-04-12,Theft,8,Downtown
2023-04-12,Assault,10,Downtown
2023-04-12,Burglary,12,Downtown
2023-04-12,Vandalism,4,Downtown
2023-04-13,Theft,5,Downtown
2023-04-13,Assault,5,Downtown
2023-04-13,Burglary,7,Downtown
2023-04-13,Vandalism,18,Downtown
2023-04-14,Theft,2,Downtown
2023-04-14,Assault,1,Downtown
2023-04-14,Burglary,1,Downtown
2023-04-14,Vandalism,28,Downtown
2023-04-15,Theft,5,Downtown
2023-04-15,Assault,4,Downtown
2023-04-15,Burglary,11,Downtown
2023-04-15,Vandalism,12,Downtown
2023-04-16,Theft,3,Downtown
2023-04-16,Assault,9,Downtown
2023-04-16,Burglary,12,Downtown
2023-04-16,Vandalism,8,Downtown
2023-04-17,Theft,11,Downtown
2023-04-17,Assault,10,Downtown
2023-04-17,Burglary,1,Downtown
2023-04-17,Vandalism,6,Downtown
2023-04-18,Assault,3,Downtown
2023-04-18,Burglary,27,Downtown
2023-04-19,Theft,1,Downtown
2023-04-19,Assault,8,Downtown
2023-04-19,Burglary,23,Downtown
2023-04-19,Vandalism,4,Downtown
2023-04-20,Theft,3,Downtown
2023-04-20,Burglary,7,Downtown
2023-04-20,Vandalism,26,Downtown
2023-04-21,Theft,1,Downtown
2023-04-21,Assault,3,Downtown
2023-04-21,Burglary,6,Downtown
2023-04-21,Vandalism,22,Downtown
2023-04-22,Theft,9,Downtown
2023-04-22,Assault,5,Downtown
2023-04-22,Burglary,12,Downtown
2023-04-22,Vandalism,8,Downtown
2023-04-23,Theft,17,Downtown
2023-04-23,Assault,12,Downtown
2023-04-23,Burglary,2,Downtown
2023-04-23,Vandalism,2,Downtown
2023-04-24,Theft,2,Downtown
2023-04-24,Assault,11,Downtown
2023-04-24,Burglary,7,Downtown
2023-04-24,Vandalism,19,Downtown
2023-04-25,Theft,13,Downtown
2023-04-25,Assault,5,Downtown
2023-04-25,Burglary,7,Downtown
2023-04-25,Vandalism,10,Downtown
2023-04-26,Theft,8,Downtown
2023-04-26,Assault,20,Downtown
2023-04-26,Vandalism,4,Downtown
2023-04-27,Theft,9,Downtown
2023-04-27,Assault,3,Downtown
2023-04-27,Burglary,11,Downtown
2023-04-27,Vandalism,7,Downtown
2023-04-28,Theft,7,Downtown
2023-04-28,Assault,3,Downtown
2023-04-28,Burglary,9,Downtown
2023-04-28,Vandalism,10,Downtown
2023-04-29,Theft,1,Downtown
2023-04-29,Assault,12,Downtown
2023-04-29,Burglary,12,Downtown
2023-04-29,Vandalism,8,Downtown
2023-04-30,Theft,17,Downtown
2023-04-30,Assault,5,Downtown
2023-04-30,Burglary,6,Downtown
2023-04-30,Vandalism,3,Downtown
2023-05-01,Theft,12,Downtown
2023-05-01,Assault,1,Downtown
2023-05-01,Burglary,1,Downtown
2023-05-01,Vandalism,15,Downtown
2023-05-02,Theft,20,Downtown
2023-05-02,Assault,1,Downtown
2023-05-02,Burglary,3,Downtown
2023-05-02,Vandalism,7,Downtown
2023-05-03,Theft,5,Downtown
2023-05-03,Assault,20,Downtown
2023-05-03,Burglary,3,Downtown
2023-05-03,Vandalism,2,Downtown
2023-05-04,Theft,8,Downtown
2023-05-04,Assault,5,Downtown
2023-05-04,Burglary,18,Downtown
2023-05-04,Vandalism,4,Downtown
2023-05-05,Theft,5,Downtown
2023-05-05,Assault,1,Downtown
2023-05-05,Burglary,15,Downtown
2023-05-05,Vandalism,13,Downtown
2023-05-06,Assault,15,Downtown
2023-05-06,Burglary,1,Downtown
2023-05-06,Vandalism,16,Downtown
2023-05-07,Theft,9,Downtown
2023-05-07,Assault,17,Downtown
2023-05-07,Burglary,1,Downtown
2023-05-07,Vandalism,8,Downtown
2023-05-08,Theft,7,Downtown
2023-05-08,Assault,11,Downtown
2023-05-08,Burglary,7,Downtown
2023-05-08,Vandalism,7,Downtown
2023-05-09,Theft,5,Downtown
2023-05-09,Assault,9,Downtown
2023-05-09,Burglary,14,Downtown
2023-05-09,Vandalism,2,Downtown
2023-05-10,Theft,6,Downtown
2023-05-10,Assault,16,Downtown
2023-05-10,Burglary,1,Downtown
2023-05-10,Vandalism,11,Downtown
2023-05-11,Theft,13,Downtown
2023-05-11,Assault,8,Downtown
2023-05-11,Burglary,8,Downtown
2023-05-11,Vandalism,3,Downtown
2023-05-12,Theft,8,Downtown
2023-05-12,Assault,12,Downtown
2023-05-12,Burglary,2,Downtown
2023-05-12,Vandalism,7,Downtown
2023-05-13,Theft,5,Downtown
2023-05-13,Assault,11,Downtown
2023-05-13,Burglary,15,Downtown
2023-05-14,Theft,14,Downtown
2023-05-14,Assault,1,Downtown
2023-05-14,Burglary,10,Downtown
2023-05-14,Vandalism,4,Downtown
2023-05-15,Theft,5,Downtown
2023-05-15,Assault,6,Downtown
2023-05-15,Burglary,12,Downtown
2023-05-15,Vandalism,5,Downtown
2023-05-16,Theft,12,Downtown
2023-05-16,Assault,5,Downtown
2023-05-16,Burglary,1,Downtown
2023-05-16,Vandalism,14,Downtown
2023-05-17,Theft,5,Downtown
2023-05-17,Assault,7,Downtown
2023-05-17,Burglary,16,Downtown
2023-05-17,Vandalism,6,Downtown
2023-05-18,Theft,1,Downtown
2023-05-18,Assault,2,Downtown
2023-05-18,Burglary,18,Downtown
2023-05-18,Vandalism,7,Downtown
2023-05-19,Theft,9,Downtown
2023-05-19,Assault,1,Downtown
2023-05-19,Burglary,10,Downtown
2023-05-19,Vandalism,11,Downtown
2023-05-20,Theft,4,Downtown
2023-05-20,Assault,15,Downtown
2023-05-20,Burglary,1,Downtown
2023-05-20,Vandalism,9,Downtown
2023-05-21,Theft,23,Downtown
2023-05-21,Assault,1,Downtown
2023-05-21,Burglary,4,Downtown
2023-05-21,Vandalism,1,Downtown
2023-05-22,Theft,4,Downtown
2023-05-22,Assault,20,Downtown
2023-05-22,Burglary,4,Downtown
2023-05-22,Vandalism,1,Downtown
2023-05-23,Theft,13,Downtown
2023-05-23,Assault,3,Downtown
2023-05-23,Burglary,11,Downtown
2023-05-23,Vandalism,1,Downtown
2023-05-24,Theft,7,Downtown
2023-05-24,Assault,5,Downtown
2023-05-24,Burglary,10,Downtown
2023-05-24,Vandalism,8,Downtown
2023-05-25,Theft,5,Downtown
2023-05-25,Assault,18,Downtown
2023-05-25,Burglary,5,Downtown
2023-05-26,Theft,1,Downtown
2023-05-26,Assault,26,Downtown
2023-05-26,Burglary,3,Downtown
2023-05-27,Theft,7,Downtown
2023-05-27,Assault,1,Downtown
2023-05-27,Burglary,9,Downtown
2023-05-27,Vandalism,12,Downtown
2023-05-28,Theft,11,Downtown
2023-05-28,Assault,4,Downtown
2023-05-28,Burglary,8,Downtown
2023-05-28,Vandalism,6,Downtown
2023-05-29,Theft,10,Downtown
2023-05-29,Assault,7,Downtown
2023-05-29,Burglary,7,Downtown
2023-05-29,Vandalism,3,Downtown
2023-05-30,Theft,11,Downtown
2023-05-30,Assault,16,Downtown
2023-05-30,Vandalism,1,Downtown
2023-05-31,Theft,2,Downtown
2023-05-31,Assault,19,Downtown
2023-05-31,Vandalism,9,Downtown
2023-06-01,Theft,13,Downtown
2023-06-01,Assault,12,Downtown
2023-06-01,Burglary,5,Downtown
2023-06-02,Theft,5,Downtown
2023-06-02,Assault,2,Downtown
2023-06-02,Burglary,3,Downtown
2023-06-02,Vandalism,16,Downtown
2023-06-03,Theft,10,Downtown
2023-06-03,Assault,7,Downtown
2023-06-03,Burglary,10,Downtown
2023-06-03,Vandalism,2,Downtown
2023-06-04,Theft,9,Downtown
2023-06-04,Assault,6,Downtown
2023-06-04,Burglary,12,Downtown
2023-06-04,Vandalism,3,Downtown
2023-06-05,Theft,9,Downtown
2023-06-05,Burglary,7,Downtown
2023-06-05,Vandalism,9,Downtown
2023-06-06,Theft,6,Downtown
2023-06-06,Assault,14,Downtown
2023-06-06,Vandalism,9,Downtown
2023-06-07,Theft,7,Downtown
2023-06-07,Assault,8,Downtown
2023-06-07,Burglary,2,Downtown
2023-06-07,Vandalism,9,Downtown
2023-06-08,Theft,1,Downtown
2023-06-08,Assault,2,Downtown
2023-06-08,Burglary,16,Downtown
2023-06-08,Vandalism,10,Downtown
2023-06-09,Assault,9,Downtown
2023-06-09,Burglary,7,Downtown
2023-06-09,Vandalism,10,Downtown
2023-06-10,Theft,3,Downtown
2023-06-10,Assault,1,Downtown
2023-06-10,Burglary,6,Downtown
2023-06-10,Vandalism,14,Downtown
2023-06-11,Theft,4,Downtown
2023-06-11,Assault,6,Downtown
2023-06-11,Vandalism,14,Downtown
2023-06-12,Theft,16,Downtown
2023-06-12,Assault,4,Downtown
2023-06-12,Burglary,5,Downtown
2023-06-12,Vandalism,2,Downtown
2023-06-13,Theft,14,Downtown
2023-06-13,Assault,4,Downtown
2023-06-13,Burglary,6,Downtown
2023-06-13,Vandalism,3,Downtown
2023-06-14,Theft,17,Downtown
2023-06-14,Assault,1,Downtown
2023-06-14,Burglary,5,Downtown
2023-06-14,Vandalism,2,Downtown
2023-06-15,Theft,10,Downtown
2023-06-15,Assault,9,Downtown
2023-06-15,Burglary,4,Downtown
2023-06-15,Vandalism,5,Downtown
2023-06-16,Theft,9,Downtown
2023-06-16,Assault,5,Downtown
2023-06-16,Burglary,6,Downtown
2023-06-16,Vandalism,3,Downtown
2023-06-17,Theft,8,Downtown
2023-06-17,Assault,2,Downtown
2023-06-17,Burglary,10,Downtown
2023-06-17,Vandalism,6,Downtown
2023-06-18,Theft,6,Downtown
2023-06-18,Assault,1,Downtown
2023-06-18,Burglary,13,Downtown
2023-06-18,Vandalism,4,Downtown
2023-06-19,Theft,7,Downtown
2023-06-19,Assault,11,Downtown
2023-06-19,Vandalism,7,Downtown
2023-06-20,Theft,4,Downtown
2023-06-20,Burglary,5,Downtown
2023-06-20,Vandalism,17,Downtown
2023-06-21,Theft,4,Downtown
2023-06-21,Assault,14,Downtown
2023-06-21,Vandalism,6,Downtown
2023-06-22,Theft,13,Downtown
2023-06-22,Assault,1,Downtown
2023-06-22,Burglary,4,Downtown
2023-06-22,Vandalism,7,Downtown
2023-06-23,Theft,5,Downtown
2023-06-23,Assault,10,Downtown
2023-06-23,Burglary,7,Downtown
2023-06-23,Vandalism,5,Downtown
2023-06-24,Theft,3,Downtown
2023-06-24,Assault,7,Downtown
2023-06-24,Burglary,8,Downtown
2023-06-24,Vandalism,6,Downtown
2023-06-25,Theft,8,Downtown
2023-06-25,Assault,9,Downtown
2023-06-25,Burglary,5,Downtown
2023-06-25,Vandalism,5,Downtown
2023-06-26,Theft,6,Downtown
2023-06-26,Assault,6,Downtown
2023-06-26,Burglary,1,Downtown
2023-06-26,Vandalism,9,Downtown
2023-06-27,Theft,17,Downtown
2023-06-27,Assault,2,Downtown
2023-06-27,Burglary,3,Downtown
2023-06-27,Vandalism,4,Downtown
2023-06-28,Theft,2,Downtown
2023-06-28,Assault,3,Downtown
2023-06-28,Burglary,21,Downtown
2023-06-28,Vandalism,1,Downtown
2023-06-29,Theft,7,Downtown
2023-06-29,Assault,2,Downtown
2023-06-29,Burglary,3,Downtown
2023-06-29,Vandalism,7,Downtown
2023-06-30,Theft,13,Downtown
2023-06-30,Assault,2,Downtown
2023-06-30,Burglary,4,Downtown
2023-06-30,Vandalism,3,Downtown
2023-07-01,Assault,6,Downtown
2023-07-01,Burglary,10,Downtown
2023-07-01,Vandalism,9,Downtown
2023-07-02,Theft,10,Downtown
2023-07-02,Assault,4,Downtown
2023-07-02,Burglary,5,Downtown
2023-07-02,Vandalism,4,Downtown
2023-07-03,Theft,6,Downtown
2023-07-03,Assault,8,Downtown
2023-07-03,Burglary,3,Downtown
2023-07-03,Vandalism,7,Downtown
2023-07-04,Theft,4,Downtown
2023-07-04,Assault,8,Downtown
2023-07-04,Burglary,4,Downtown
2023-07-04,Vandalism,6,Downtown
2023-07-05,Theft,7,Downtown
2023-07-05,Assault,11,Downtown
2023-07-05,Vandalism,5,Downtown
2023-07-06,Theft,3,Downtown
2023-07-06,Assault,8,Downtown
2023-07-06,Burglary,9,Downtown
2023-07-06,Vandalism,3,Downtown
2023-07-07,Theft,3,Downtown
2023-07-07,Assault,3,Downtown
2023-07-07,Burglary,4,Downtown
2023-07-07,Vandalism,15,Downtown
2023-07-08,Theft,2,Downtown
2023-07-08,Assault,14,Downtown
2023-07-08,Burglary,2,Downtown
2023-07-08,Vandalism,5,Downtown
2023-07-09,Theft,5,Downtown
2023-07-09,Assault,9,Downtown
2023-07-09,Burglary,8,Downtown
2023-07-09,Vandalism,1,Downtown
2023-07-10,Theft,4,Downtown
2023-07-10,Assault,8,Downtown
2023-07-10,Burglary,10,Downtown
2023-07-11,Theft,2,Downtown
2023-07-11,Assault,12,Downtown
2023-07-11,Burglary,2,Downtown
2023-07-11,Vandalism,5,Downtown
2023-07-12,Theft,2,Downtown
2023-07-12,Assault,12,Downtown
2023-07-12,Burglary,2,Downtown
2023-07-12,Vandalism,5,Downtown
2023-07-13,Theft,15,Downtown
2023-07-13,Assault,1,Downtown
2023-07-13,Burglary,4,Downtown
2023-07-13,Vandalism,3,Downtown
2023-07-14,Theft,5,Downtown
2023-07-14,Assault,9,Downtown
2023-07-14,Burglary,5,Downtown
2023-07-14,Vandalism,2,Downtown
2023-07-15,Theft,9,Downtown
2023-07-15,Assault,10,Downtown
2023-07-15,Burglary,3,Downtown
2023-07-16,Theft,6,Downtown
2023-07-16,Assault,4,Downtown
2023-07-16,Burglary,8,Downtown
2023-07-16,Vandalism,8,Downtown
2023-07-17,Theft,9,Downtown
2023-07-17,Assault,4,Downtown
2023-07-17,Burglary,2,Downtown
2023-07-17,Vandalism,8,Downtown
2023-07-18,Theft,4,Downtown
2023-07-18,Assault,10,Downtown
2023-07-18,Burglary,2,Downtown
2023-07-18,Vandalism,4,Downtown
2023-07-19,Assault,2,Downtown
2023-07-19,Burglary,8,Downtown
2023-07-19,Vandalism,13,Downtown
2023-07-20,Theft,4,Downtown
2023-07-20,Assault,1,Downtown
2023-07-20,Burglary,12,Downtown
2023-07-20,Vandalism,3,Downtown
2023-07-21,Theft,13,Downtown
2023-07-21,Burglary,4,Downtown
2023-07-22,Theft,1,Downtown
2023-07-22,Assault,3,Downtown
2023-07-22,Burglary,2,Downtown
2023-07-22,Vandalism,12,Downtown
2023-07-23,Assault,5,Downtown
2023-07-23,Burglary,1,Downtown
2023-07-23,Vandalism,11,Downtown
2023-07-24,Theft,6,Downtown
2023-07-24,Assault,8,Downtown
2023-07-24,Burglary,2,Downtown
2023-07-24,Vandalism,3,Downtown
2023-07-25,Theft,8,Downtown
2023-07-25,Assault,10,Downtown
2023-07-25,Vandalism,2,Downtown
2023-07-26,Theft,8,Downtown
2023-07-26,Assault,4,Downtown
2023-07-26,Vandalism,11,Downtown
2023-07-27,Theft,1,Downtown
2023-07-27,Assault,1,Downtown
2023-07-27,Burglary,11,Downtown
2023-07-27,Vandalism,7,Downtown
2023-07-28,Theft,5,Downtown
2023-07-28,Assault,5,Downtown
2023-07-28,Burglary,3,Downtown
2023-07-28,Vandalism,6,Downtown
2023-07-29,Theft,1,Downtown
2023-07-29,Assault,7,Downtown
2023-07-29,Burglary,5,Downtown
2023-07-29,Vandalism,8,Downtown
2023-07-30,Theft,7,Downtown
2023-07-30,Assault,3,Downtown
2023-07-30,Burglary,3,Downtown
2023-07-30,Vandalism,2,Downtown
2023-07-31,Theft,5,Downtown
2023-07-31,Assault,3,Downtown
2023-07-31,Burglary,4,Downtown
2023-07-31,Vandalism,8,Downtown
2023-08-01,Theft,7,Downtown
2023-08-01,Assault,8,Downtown
2023-08-01,Burglary,1,Downtown
2023-08-01,Vandalism,5,Downtown
2023-08-02,Theft,9,Downtown
2023-08-02,Assault,2,Downtown
2023-08-02,Burglary,2,Downtown
2023-08-02,Vandalism,3,Downtown
2023-08-03,Theft,2,Downtown
2023-08-03,Assault,1,Downtown
2023-08-03,Burglary,3,Downtown
2023-08-03,Vandalism,15,Downtown
2023-08-04,Theft,8,Downtown
2023-08-04,Assault,5,Downtown
2023-08-04,Burglary,5,Downtown
2023-08-04,Vandalism,1,Downtown
2023-08-05,Theft,2,Downtown
2023-08-05,Assault,2,Downtown
2023-08-05,Burglary,12,Downtown
2023-08-05,Vandalism,2,Downtown
2023-08-06,Theft,4,Downtown
2023-08-06,Assault,4,Downtown
2023-08-06,Burglary,5,Downtown
2023-08-06,Vandalism,7,Downtown
2023-08-07,Theft,2,Downtown
2023-08-07,Assault,5,Downtown
2023-08-07,Burglary,12,Downtown
2023-08-07,Vandalism,4,Downtown
2023-08-08,Theft,2,Downtown
2023-08-08,Assault,6,Downtown
2023-08-08,Burglary,10,Downtown
2023-08-09,Theft,3,Downtown
2023-08-09,Assault,4,Downtown
2023-08-09,Burglary,1,Downtown
2023-08-09,Vandalism,10,Downtown
2023-08-10,Theft,1,Downtown
2023-08-10,Assault,9,Downtown
2023-08-10,Burglary,3,Downtown
2023-08-10,Vandalism,4,Downtown
2023-08-11,Assault,2,Downtown
2023-08-11,Vandalism,14,Downtown
2023-08-12,Theft,2,Downtown
2023-08-12,Assault,8,Downtown
2023-08-12,Vandalism,9,Downtown
2023-08-13,Theft,3,Downtown
2023-08-13,Assault,1,Downtown
2023-08-13,Burglary,4,Downtown
2023-08-13,Vandalism,8,Downtown
2023-08-14,Theft,3,Downtown
2023-08-14,Assault,6,Downtown
2023-08-14,Burglary,1,Downtown
2023-08-14,Vandalism,7,Downtown
2023-08-15,Theft,3,Downtown
2023-08-15,Assault,2,Downtown
2023-08-15,Burglary,7,Downtown
2023-08-15,Vandalism,4,Downtown
2023-08-16,Assault,5,Downtown
2023-08-16,Burglary,6,Downtown
2023-08-16,Vandalism,7,Downtown
2023-08-17,Theft,5,Downtown
2023-08-17,Assault,7,Downtown
2023-08-17,Burglary,3,Downtown
2023-08-17,Vandalism,3,Downtown
2023-08-18,Theft,8,Downtown
2023-08-18,Assault,5,Downtown
2023-08-18,Burglary,5,Downtown
2023-08-18,Vandalism,1,Downtown
2023-08-19,Assault,3,Downtown
2023-08-19,Burglary,12,Downtown
2023-08-19,Vandalism,1,Downtown
2023-08-20,Assault,10,Downtown
2023-08-20,Burglary,5,Downtown
2023-08-20,Vandalism,1,Downtown
2023-08-21,Theft,1,Downtown
2023-08-21,Assault,3,Downtown
2023-08-21,Vandalism,11,Downtown
2023-08-22,Theft,4,Downtown
2023-08-22,Assault,5,Downtown
2023-08-22,Burglary,5,Downtown
2023-08-22,Vandalism,1,Downtown
2023-08-23,Theft,6,Downtown
2023-08-23,Assault,3,Downtown
2023-08-23,Burglary,6,Downtown
2023-08-23,Vandalism,2,Downtown
2023-08-24,Theft,1,Downtown
2023-08-24,Assault,3,Downtown
2023-08-24,Burglary,7,Downtown
2023-08-24,Vandalism,7,Downtown
2023-08-25,Theft,1,Downtown
2023-08-25,Assault,2,Downtown
2023-08-25,Vandalism,11,Downtown
2023-08-26,Theft,9,Downtown
2023-08-26,Assault,2,Downtown
2023-08-26,Burglary,4,Downtown
2023-08-26,Vandalism,3,Downtown
2023-08-27,Theft,6,Downtown
2023-08-27,Burglary,5,Downtown
2023-08-27,Vandalism,8,Downtown
2023-08-28,Theft,6,Downtown
2023-08-28,Burglary,8,Downtown
2023-08-28,Vandalism,3,Downtown
2023-08-29,Assault,5,Downtown
2023-08-29,Burglary,14,Downtown
2023-08-30,Theft,1,Downtown
2023-08-30,Assault,6,Downtown
2023-08-30,Burglary,6,Downtown
2023-08-30,Vandalism,1,Downtown
2023-08-31,Theft,3,Downtown
2023-08-31,Assault,2,Downtown
2023-08-31,Burglary,3,Downtown
2023-08-31,Vandalism,5,Downtown
2023-09-01,Theft,1,Downtown
2023-09-01,Burglary,7,Downtown
2023-09-01,Vandalism,4,Downtown
2023-09-02,Theft,3,Downtown
2023-09-02,Assault,4,Downtown
2023-09-02,Burglary,4,Downtown
2023-09-02,Vandalism,7,Downtown
2023-09-03,Theft,7,Downtown
2023-09-03,Assault,5,Downtown
2023-09-03,Burglary,4,Downtown
2023-09-03,Vandalism,1,Downtown
2023-09-04,Theft,6,Downtown
2023-09-04,Assault,4,Downtown
2023-09-04,Vandalism,5,Downtown
2023-09-05,Theft,1,Downtown
2023-09-05,Assault,7,Downtown
2023-09-05,Burglary,8,Downtown
2023-09-06,Assault,3,Downtown
2023-09-06,Burglary,5,Downtown
2023-09-06,Vandalism,5,Downtown
2023-09-07,Theft,3,Downtown
2023-09-07,Assault,2,Downtown
2023-09-07,Burglary,11,Downtown
2023-09-07,Vandalism,4,Downtown
2023-09-08,Theft,2,Downtown
2023-09-08,Assault,1,Downtown
2023-09-08,Burglary,3,Downtown
2023-09-08,Vandalism,9,Downtown
2023-09-09,Theft,1,Downtown
2023-09-09,Assault,5,Downtown
2023-09-09,Burglary,5,Downtown
2023-09-09,Vandalism,4,Downtown
2023-09-10,Theft,12,Downtown
2023-09-10,Burglary,4,Downtown
2023-09-11,Theft,2,Downtown
2023-09-11,Assault,5,Downtown
2023-09-11,Burglary,8,Downtown
2023-09-11,Vandalism,1,Downtown
2023-09-12,Theft,7,Downtown
2023-09-12,Assault,1,Downtown
2023-09-12,Burglary,3,Downtown
2023-09-12,Vandalism,4,Downtown
2023-09-13,Theft,7,Downtown
2023-09-13,Assault,3,Downtown
2023-09-13,Burglary,1,Downtown
2023-09-13,Vandalism,2,Downtown
2023-09-14,Assault,7,Downtown
2023-09-14,Burglary,3,Downtown
2023-09-14,Vandalism,6,Downtown
2023-09-15,Theft,4,Downtown
2023-09-15,Assault,2,Downtown
2023-09-15,Burglary,10,Downtown
2023-09-15,Vandalism,2,Downtown
2023-09-16,Theft,6,Downtown
2023-09-16,Assault,4,Downtown
2023-09-16,Burglary,2,Downtown
2023-09-16,Vandalism,5,Downtown
2023-09-17,Theft,4,Downtown
2023-09-17,Assault,11,Downtown
2023-09-17,Burglary,1,Downtown
2023-09-17,Vandalism,2,Downtown
2023-09-18,Theft,5,Downtown
2023-09-18,Assault,1,Downtown
2023-09-18,Burglary,1,Downtown
2023-09-18,Vandalism,7,Downtown
2023-09-19,Theft,2,Downtown
2023-09-19,Assault,1,Downtown
2023-09-19,Burglary,7,Downtown
2023-09-19,Vandalism,3,Downtown
2023-09-20,Theft,4,Downtown
2023-09-20,Assault,1,Downtown
2023-09-20,Burglary,3,Downtown
2023-09-20,Vandalism,6,Downtown
2023-09-21,Theft,6,Downtown
2023-09-21,Assault,6,Downtown
2023-09-21,Vandalism,3,Downtown
2023-09-22,Theft,5,Downtown
2023-09-22,Assault,1,Downtown
2023-09-22,Burglary,10,Downtown
2023-09-22,Vandalism,1,Downtown
2023-09-23,Theft,6,Downtown
2023-09-23,Assault,2,Downtown
2023-09-23,Burglary,2,Downtown
2023-09-23,Vandalism,1,Downtown
2023-09-24,Theft,1,Downtown
2023-09-24,Assault,2,Downtown
2023-09-24,Burglary,11,Downtown
2023-09-24,Vandalism,3,Downtown
2023-09-25,Theft,3,Downtown
2023-09-25,Assault,1,Downtown
2023-09-25,Burglary,2,Downtown
2023-09-25,Vandalism,8,Downtown
2023-09-26,Theft,9,Downtown
2023-09-26,Assault,2,Downtown
2023-09-26,Burglary,1,Downtown
2023-09-26,Vandalism,2,Downtown
2023-09-27,Theft,4,Downtown
2023-09-27,Assault,2,Downtown
2023-09-27,Burglary,3,Downtown
2023-09-27,Vandalism,3,Downtown
2023-09-28,Theft,6,Downtown
2023-09-28,Assault,2,Downtown
2023-09-28,Burglary,1,Downtown
2023-09-28,Vandalism,2,Downtown
2023-09-29,Theft,5,Downtown
2023-09-29,Burglary,1,Downtown
2023-09-29,Vandalism,10,Downtown
2023-09-30,Theft,1,Downtown
2023-09-30,Assault,5,Downtown
2023-09-30,Burglary,5,Downtown
2023-09-30,Vandalism,4,Downtown
2023-10-01,Theft,5,Downtown
2023-10-01,Assault,1,Downtown
2023-10-01,Burglary,4,Downtown
2023-10-01,Vandalism,2,Downtown
2023-10-02,Theft,6,Downtown
2023-10-02,Assault,1,Downtown
2023-10-02,Burglary,4,Downtown
2023-10-02,Vandalism,1,Downtown
2023-10-03,Theft,2,Downtown
2023-10-03,Assault,1,Downtown
2023-10-03,Burglary,1,Downtown
2023-10-03,Vandalism,10,Downtown
2023-10-04,Theft,1,Downtown
2023-10-04,Assault,6,Downtown
2023-10-04,Burglary,9,Downtown
2023-10-04,Vandalism,2,Downtown
2023-10-05,Theft,1,Downtown
2023-10-05,Assault,2,Downtown
2023-10-05,Burglary,9,Downtown
2023-10-05,Vandalism,2,Downtown
2023-10-06,Theft,2,Downtown
2023-10-06,Assault,5,Downtown
2023-10-06,Burglary,3,Downtown
2023-10-06,Vandalism,1,Downtown
2023-10-07,Theft,4,Downtown
2023-10-07,Assault,1,Downtown
2023-10-07,Burglary,1,Downtown
2023-10-07,Vandalism,8,Downtown
2023-10-08,Theft,2,Downtown
2023-10-08,Assault,1,Downtown
2023-10-08,Vandalism,11,Downtown
2023-10-09,Assault,4,Downtown
2023-10-09,Burglary,2,Downtown
2023-10-09,Vandalism,3,Downtown
2023-10-10,Theft,7,Downtown
2023-10-10,Assault,2,Downtown
2023-10-10,Burglary,3,Downtown
2023-10-10,Vandalism,2,Downtown
2023-10-11,Theft,4,Downtown
2023-10-11,Assault,4,Downtown
2023-10-11,Burglary,2,Downtown
2023-10-11,Vandalism,4,Downtown
2023-10-12,Theft,8,Downtown
2023-10-12,Assault,2,Downtown
2023-10-12,Burglary,2,Downtown
2023-10-12,Vandalism,4,Downtown
2023-10-13,Theft,4,Downtown
2023-10-13,Assault,6,Downtown
2023-10-13,Burglary,3,Downtown
2023-10-13,Vandalism,5,Downtown
2023-10-14,Theft,9,Downtown
2023-10-14,Assault,2,Downtown
2023-10-14,Burglary,4,Downtown
2023-10-14,Vandalism,2,Downtown
2023-10-15,Theft,4,Downtown
2023-10-15,Assault,6,Downtown
2023-10-15,Vandalism,4,Downtown
2023-10-16,Theft,1,Downtown
2023-10-16,Assault,4,Downtown
2023-10-16,Burglary,2,Downtown
2023-10-16,Vandalism,6,Downtown
2023-10-17,Theft,1,Downtown
2023-10-17,Assault,6,Downtown
2023-10-17,Burglary,2,Downtown
2023-10-17,Vandalism,11,Downtown
2023-10-18,Theft,4,Downtown
2023-10-18,Assault,7,Downtown
2023-10-18,Burglary,2,Downtown
2023-10-18,Vandalism,2,Downtown
2023-10-19,Theft,2,Downtown
2023-10-19,Assault,2,Downtown
2023-10-19,Burglary,3,Downtown
2023-10-19,Vandalism,8,Downtown
2023-10-20,Theft,7,Downtown
2023-10-20,Assault,3,Downtown
2023-10-20,Burglary,1,Downtown
2023-10-20,Vandalism,4,Downtown
2023-10-21,Theft,7,Downtown
2023-10-21,Assault,2,Downtown
2023-10-21,Burglary,6,Downtown
2023-10-21,Vandalism,1,Downtown
2023-10-22,Theft,6,Downtown
2023-10-22,Assault,1,Downtown
2023-10-22,Burglary,5,Downtown
2023-10-22,Vandalism,3,Downtown
2023-10-23,Theft,11,Downtown
2023-10-23,Assault,2,Downtown
2023-10-23,Vandalism,1,Downtown
2023-10-24,Theft,5,Downtown
2023-10-24,Assault,1,Downtown
2023-10-24,Burglary,3,Downtown
2023-10-24,Vandalism,5,Downtown
2023-10-25,Theft,5,Downtown
2023-10-25,Assault,5,Downtown
2023-10-25,Burglary,4,Downtown
2023-10-25,Vandalism,1,Downtown
2023-10-26,Theft,2,Downtown
2023-10-26,Assault,4,Downtown
2023-10-26,Burglary,6,Downtown
2023-10-26,Vandalism,2,Downtown
2023-10-27,Theft,5,Downtown
2023-10-27,Assault,4,Downtown
2023-10-27,Burglary,3,Downtown
2023-10-27,Vandalism,2,Downtown
2023-10-28,Theft,1,Downtown
2023-10-28,Assault,11,Downtown
2023-10-28,Vandalism,4,Downtown
2023-10-29,Theft,3,Downtown
2023-10-29,Assault,2,Downtown
2023-10-29,Burglary,9,Downtown
2023-10-29,Vandalism,1,Downtown
2023-10-30,Theft,1,Downtown
2023-10-30,Assault,3,Downtown
2023-10-30,Burglary,14,Downtown
2023-10-30,Vandalism,1,Downtown
2023-10-31,Theft,4,Downtown
2023-10-31,Assault,1,Downtown
2023-10-31,Burglary,4,Downtown
2023-10-31,Vandalism,2,Downtown
2023-11-01,Theft,8,Downtown
2023-11-01,Assault,3,Downtown
2023-11-01,Burglary,3,Downtown
2023-11-01,Vandalism,4,Downtown
2023-11-02,Theft,9,Downtown
2023-11-02,Assault,2,Downtown
2023-11-02,Burglary,4,Downtown
2023-11-02,Vandalism,4,Downtown
2023-11-03,Theft,3,Downtown
2023-11-03,Assault,1,Downtown
2023-11-03,Burglary,3,Downtown
2023-11-03,Vandalism,5,Downtown
2023-11-04,Theft,4,Downtown
2023-11-04,Assault,4,Downtown
2023-11-04,Burglary,2,Downtown
2023-11-04,Vandalism,6,Downtown
2023-11-05,Theft,9,Downtown
2023-11-05,Assault,7,Downtown
2023-11-06,Theft,1,Downtown
2023-11-06,Assault,6,Downtown
2023-11-06,Burglary,4,Downtown
2023-11-06,Vandalism,3,Downtown
2023-11-07,Theft,3,Downtown
2023-11-07,Assault,8,Downtown
2023-11-07,Burglary,2,Downtown
2023-11-07,Vandalism,2,Downtown
2023-11-08,Assault,2,Downtown
2023-11-08,Burglary,4,Downtown
2023-11-08,Vandalism,8,Downtown
2023-11-09,Theft,4,Downtown
2023-11-09,Assault,8,Downtown
2023-11-09,Burglary,7,Downtown
2023-11-09,Vandalism,1,Downtown
2023-11-10,Theft,3,Downtown
2023-11-10,Burglary,4,Downtown
2023-11-10,Vandalism,12,Downtown
2023-11-11,Theft,1,Downtown
2023-11-11,Assault,8,Downtown
2023-11-11,Burglary,6,Downtown
2023-11-11,Vandalism,5,Downtown
2023-11-12,Theft,8,Downtown
2023-11-12,Assault,7,Downtown
2023-11-12,Vandalism,4,Downtown
2023-11-13,Theft,3,Downtown
2023-11-13,Assault,6,Downtown
2023-11-13,Burglary,4,Downtown
2023-11-13,Vandalism,2,Downtown
2023-11-14,Theft,4,Downtown
2023-11-14,Assault,9,Downtown
2023-11-14,Burglary,2,Downtown
2023-11-14,Vandalism,1,Downtown
2023-11-15,Assault,10,Downtown
2023-11-15,Burglary,9,Downtown
2023-11-15,Vandalism,1,Downtown
2023-11-16,Theft,1,Downtown
2023-11-16,Assault,4,Downtown
2023-11-16,Burglary,1,Downtown
2023-11-16,Vandalism,9,Downtown
2023-11-17,Theft,1,Downtown
2023-11-17,Assault,8,Downtown
2023-11-17,Burglary,6,Downtown
2023-11-17,Vandalism,4,Downtown
2023-11-18,Theft,3,Downtown
2023-11-18,Assault,6,Downtown
2023-11-18,Burglary,1,Downtown
2023-11-18,Vandalism,7,Downtown
2023-11-19,Theft,7,Downtown
2023-11-19,Assault,6,Downtown
2023-11-19,Burglary,3,Downtown
2023-11-19,Vandalism,1,Downtown
2023-11-20,Theft,3,Downtown
2023-11-20,Assault,9,Downtown
2023-11-20,Vandalism,8,Downtown
2023-11-21,Theft,9,Downtown
2023-11-21,Assault,5,Downtown
2023-11-21,Burglary,4,Downtown
2023-11-21,Vandalism,1,Downtown
2023-11-22,Theft,2,Downtown
2023-11-22,Assault,1,Downtown
2023-11-22,Burglary,13,Downtown
2023-11-22,Vandalism,2,Downtown
2023-11-23,Theft,1,Downtown
2023-11-23,Assault,4,Downtown
2023-11-23,Burglary,10,Downtown
2023-11-23,Vandalism,6,Downtown
2023-11-24,Theft,4,Downtown
2023-11-24,Assault,2,Downtown
2023-11-24,Burglary,2,Downtown
2023-11-24,Vandalism,9,Downtown
2023-11-25,Theft,5,Downtown
2023-11-25,Assault,1,Downtown
2023-11-25,Burglary,11,Downtown
2023-11-25,Vandalism,3,Downtown
2023-11-26,Theft,13,Downtown
2023-11-26,Assault,5,Downtown
2023-11-26,Burglary,1,Downtown
2023-11-26,Vandalism,1,Downtown
2023-11-27,Theft,4,Downtown
2023-11-27,Assault,7,Downtown
2023-11-27,Burglary,7,Downtown
2023-11-27,Vandalism,1,Downtown
2023-11-28,Theft,3,Downtown
2023-11-28,Burglary,16,Downtown
2023-11-28,Vandalism,1,Downtown
2023-11-29,Theft,2,Downtown
2023-11-29,Assault,4,Downtown
2023-11-29,Burglary,10,Downtown
2023-11-29,Vandalism,1,Downtown
2023-11-30,Theft,1,Downtown
2023-11-30,Assault,4,Downtown
2023-11-30,Burglary,14,Downtown
2023-11-30,Vandalism,3,Downtown
2023-12-01,Theft,12,Downtown
2023-12-01,Assault,1,Downtown
2023-12-01,Burglary,5,Downtown
2023-12-01,Vandalism,1,Downtown
2023-12-02,Theft,4,Downtown
2023-12-02,Assault,11,Downtown
2023-12-02,Burglary,4,Downtown
2023-12-03,Theft,3,Downtown
2023-12-03,Assault,5,Downtown
2023-12-03,Burglary,3,Downtown
2023-12-03,Vandalism,11,Downtown
2023-12-04,Theft,9,Downtown
2023-12-04,Assault,5,Downtown
2023-12-04,Burglary,3,Downtown
2023-12-04,Vandalism,2,Downtown
2023-12-05,Theft,1,Downtown
2023-12-05,Assault,4,Downtown
2023-12-05,Burglary,4,Downtown
2023-12-05,Vandalism,9,Downtown
2023-12-06,Theft,10,Downtown
2023-12-06,Assault,1,Downtown
2023-12-06,Burglary,5,Downtown
2023-12-06,Vandalism,2,Downtown
2023-12-07,Theft,1,Downtown
2023-12-07,Assault,15,Downtown
2023-12-07,Vandalism,6,Downtown
2023-12-08,Theft,5,Downtown
2023-12-08,Assault,9,Downtown
2023-12-08,Burglary,1,Downtown
2023-12-08,Vandalism,3,Downtown
2023-12-09,Theft,15,Downtown
2023-12-09,Assault,1,Downtown
2023-12-09,Burglary,1,Downtown
2023-12-09,Vandalism,8,Downtown
2023-12-10,Theft,6,Downtown
2023-12-10,Assault,6,Downtown
2023-12-10,Burglary,3,Downtown
2023-12-10,Vandalism,2,Downtown
2023-12-11,Theft,1,Downtown
2023-12-11,Assault,5,Downtown
2023-12-11,Vandalism,19,Downtown
2023-12-12,Theft,6,Downtown
2023-12-12,Assault,7,Downtown
2023-12-12,Burglary,1,Downtown
2023-12-12,Vandalism,8,Downtown
2023-12-13,Theft,13,Downtown
2023-12-13,Assault,1,Downtown
2023-12-13,Burglary,1,Downtown
2023-12-13,Vandalism,7,Downtown
2023-12-14,Theft,6,Downtown
2023-12-14,Assault,5,Downtown
2023-12-14,Burglary,3,Downtown
2023-12-14,Vandalism,7,Downtown
2023-12-15,Theft,1,Downtown
2023-12-15,Assault,11,Downtown
2023-12-15,Burglary,1,Downtown
2023-12-15,Vandalism,10,Downtown
2023-12-16,Theft,4,Downtown
2023-12-16,Assault,8,Downtown
2023-12-16,Burglary,5,Downtown
2023-12-16,Vandalism,5,Downtown
2023-12-17,Theft,3,Downtown
2023-12-17,Assault,2,Downtown
2023-12-17,Burglary,2,Downtown
2023-12-17,Vandalism,18,Downtown
2023-12-18,Theft,6,Downtown
2023-12-18,Assault,10,Downtown
2023-12-18,Burglary,2,Downtown
2023-12-18,Vandalism,5,Downtown
2023-12-19,Theft,1,Downtown
2023-12-19,Assault,18,Downtown
2023-12-19,Vandalism,4,Downtown
2023-12-20,Theft,5,Downtown
2023-12-20,Assault,5,Downtown
2023-12-20,Vandalism,12,Downtown
2023-12-21,Assault,14,Downtown
2023-12-21,Burglary,4,Downtown
2023-12-21,Vandalism,5,Downtown
2023-12-22,Theft,12,Downtown
2023-12-22,Assault,7,Downtown
2023-12-22,Burglary,1,Downtown
2023-12-22,Vandalism,4,Downtown
2023-12-23,Theft,3,Downtown
2023-12-23,Assault,6,Downtown
2023-12-23,Burglary,6,Downtown
2023-12-23,Vandalism,5,Downtown
2023-12-24,Theft,1,Downtown
2023-12-24,Burglary,11,Downtown
2023-12-24,Vandalism,9,Downtown
2023-12-25,Theft,2,Downtown
2023-12-25,Assault,3,Downtown
2023-12-25,Vandalism,20,Downtown
2023-12-26,Theft,14,Downtown
2023-12-26,Assault,1,Downtown
2023-12-26,Burglary,1,Downtown
2023-12-26,Vandalism,8,Downtown
2023-12-27,Theft,20,Downtown
2023-12-27,Assault,4,Downtown
2023-12-28,Assault,8,Downtown
2023-12-28,Burglary,5,Downtown
2023-12-28,Vandalism,11,Downtown
2023-12-29,Theft,11,Downtown
2023-12-29,Assault,3,Downtown
2023-12-29,Burglary,2,Downtown
2023-12-29,Vandalism,9,Downtown
2023-12-30,Theft,8,Downtown
2023-12-30,Assault,15,Downtown
2023-12-30,Vandalism,1,Downtown
2023-12-31,Theft,6,Downtown
2023-12-31,Assault,6,Downtown
2023-12-31,Burglary,10,Downtown
2023-12-31,Vandalism,1,Downtown
